InstructionName;PdfRelativePath;;"USE IF;
GO

IF OBJECT_ID('dbo.Instructions', 'U') IS NULL
BEGIN
    CREATE TABLE dbo.Instructions
    (
        InstructionID INT IDENTITY(1,1) NOT NULL,
        InstructionName NVARCHAR(200) NOT NULL,
        PdfRelativePath NVARCHAR(500) NULL,

        CONSTRAINT PK_Instructions PRIMARY KEY (InstructionID)
    );
END"
Obróbka cieplna wałków kardana OMM i OML program 27 piece Seco;OMM-S-50-DW0217-AZ-22283;"INSERT INTO dbo.Instructions (InstructionName, PdfRelativePath) VALUES (N'Obróbka cieplna wałków kardana OMM i OML program 27 piece Seco', N'OMM-S-50-DW0217-AZ-22283');";"INSERT INTO dbo.Instructions (InstructionName, PdfRelativePath) VALUES (N'Obróbka cieplna wałków kardana OMM i OML program 27 piece Seco', N'OMM-S-50-DW0217-AZ-22283');"
Obróbka cieplna wałków kardana - program 28 piece Seco;ALL-S-50-DW0217-AZ-22279;"INSERT INTO dbo.Instructions (InstructionName, PdfRelativePath) VALUES (N'Obróbka cieplna wałków kardana - program 28 piece Seco', N'ALL-S-50-DW0217-AZ-22279');";"INSERT INTO dbo.Instructions (InstructionName, PdfRelativePath) VALUES (N'Obróbka cieplna wałków kardana - program 28 piece Seco', N'ALL-S-50-DW0217-AZ-22279');"
Obróbka wibrościerna sworzni;ALL-Y-30-DW0569-AZ-22278;"INSERT INTO dbo.Instructions (InstructionName, PdfRelativePath) VALUES (N'Obróbka wibrościerna sworzni', N'ALL-Y-30-DW0569-AZ-22278');";"INSERT INTO dbo.Instructions (InstructionName, PdfRelativePath) VALUES (N'Obróbka wibrościerna sworzni', N'ALL-Y-30-DW0569-AZ-22278');"
Gratowanie termiczne wałków motorowych OMS;OMS-A-40-DW01424-AZ-22265;"INSERT INTO dbo.Instructions (InstructionName, PdfRelativePath) VALUES (N'Gratowanie termiczne wałków motorowych OMS', N'OMS-A-40-DW01424-AZ-22265');";"INSERT INTO dbo.Instructions (InstructionName, PdfRelativePath) VALUES (N'Gratowanie termiczne wałków motorowych OMS', N'OMS-A-40-DW01424-AZ-22265');"
Gratowanie termiczne wałków motorowych ;OMR-A-40-DW1424-AZ-22398;"INSERT INTO dbo.Instructions (InstructionName, PdfRelativePath) VALUES (N'Gratowanie termiczne wałków motorowych ', N'OMR-A-40-DW1424-AZ-22398');";"INSERT INTO dbo.Instructions (InstructionName, PdfRelativePath) VALUES (N'Gratowanie termiczne wałków motorowych ', N'OMR-A-40-DW1424-AZ-22398');"
Gratowanie termiczne wałka rozrządczego  LAG;LAG-A-40-DW1424-AZ-22397;"INSERT INTO dbo.Instructions (InstructionName, PdfRelativePath) VALUES (N'Gratowanie termiczne wałka rozrządczego  LAG', N'LAG-A-40-DW1424-AZ-22397');";"INSERT INTO dbo.Instructions (InstructionName, PdfRelativePath) VALUES (N'Gratowanie termiczne wałka rozrządczego  LAG', N'LAG-A-40-DW1424-AZ-22397');"
Gratowanie termiczne tulejki PCH;LAG-A-60-DW0433-AZ-22396;"INSERT INTO dbo.Instructions (InstructionName, PdfRelativePath) VALUES (N'Gratowanie termiczne tulejki PCH', N'LAG-A-60-DW0433-AZ-22396');";"INSERT INTO dbo.Instructions (InstructionName, PdfRelativePath) VALUES (N'Gratowanie termiczne tulejki PCH', N'LAG-A-60-DW0433-AZ-22396');"
Gratowanie termiczne wałka rozrządczego  PCH;LAG-A-60-DW0433-AZ-22395;"INSERT INTO dbo.Instructions (InstructionName, PdfRelativePath) VALUES (N'Gratowanie termiczne wałka rozrządczego  PCH', N'LAG-A-60-DW0433-AZ-22395');";"INSERT INTO dbo.Instructions (InstructionName, PdfRelativePath) VALUES (N'Gratowanie termiczne wałka rozrządczego  PCH', N'LAG-A-60-DW0433-AZ-22395');"
Gratowanie termiczne tulei LAG;LAG-A-40-DW1424-AZ-22394;"INSERT INTO dbo.Instructions (InstructionName, PdfRelativePath) VALUES (N'Gratowanie termiczne tulei LAG', N'LAG-A-40-DW1424-AZ-22394');";"INSERT INTO dbo.Instructions (InstructionName, PdfRelativePath) VALUES (N'Gratowanie termiczne tulei LAG', N'LAG-A-40-DW1424-AZ-22394');"
Instrukcja pakowania detali gratowaniu termicznym i trawieniu;ALL-P-10-DW0433-KS-22393;"INSERT INTO dbo.Instructions (InstructionName, PdfRelativePath) VALUES (N'Instrukcja pakowania detali gratowaniu termicznym i trawieniu', N'ALL-P-10-DW0433-KS-22393');";"INSERT INTO dbo.Instructions (InstructionName, PdfRelativePath) VALUES (N'Instrukcja pakowania detali gratowaniu termicznym i trawieniu', N'ALL-P-10-DW0433-KS-22393');"
Gratowanie termiczne wałków motorowych ;OMR-A-40-DW1424-AZ-22266;"INSERT INTO dbo.Instructions (InstructionName, PdfRelativePath) VALUES (N'Gratowanie termiczne wałków motorowych ', N'OMR-A-40-DW1424-AZ-22266');";"INSERT INTO dbo.Instructions (InstructionName, PdfRelativePath) VALUES (N'Gratowanie termiczne wałków motorowych ', N'OMR-A-40-DW1424-AZ-22266');"
Gratowanie termiczne korpusu LAG;LAG-A-40-DW1424-AZ-22264;"INSERT INTO dbo.Instructions (InstructionName, PdfRelativePath) VALUES (N'Gratowanie termiczne korpusu LAG', N'LAG-A-40-DW1424-AZ-22264');";"INSERT INTO dbo.Instructions (InstructionName, PdfRelativePath) VALUES (N'Gratowanie termiczne korpusu LAG', N'LAG-A-40-DW1424-AZ-22264');"
Gratowanie termiczne i trawienie korpusów LPS;LPS-A-60-DW0433-AZ-22262;"INSERT INTO dbo.Instructions (InstructionName, PdfRelativePath) VALUES (N'Gratowanie termiczne i trawienie korpusów LPS', N'LPS-A-60-DW0433-AZ-22262');";"INSERT INTO dbo.Instructions (InstructionName, PdfRelativePath) VALUES (N'Gratowanie termiczne i trawienie korpusów LPS', N'LPS-A-60-DW0433-AZ-22262');"
Gratowanie termiczne pin;LAG-A-40-DW0433-AZ-22260;"INSERT INTO dbo.Instructions (InstructionName, PdfRelativePath) VALUES (N'Gratowanie termiczne pin', N'LAG-A-40-DW0433-AZ-22260');";"INSERT INTO dbo.Instructions (InstructionName, PdfRelativePath) VALUES (N'Gratowanie termiczne pin', N'LAG-A-40-DW0433-AZ-22260');"
Gratowanie termiczne wałków OMS;OMS-A-40-DW0433-AZ-22259;"INSERT INTO dbo.Instructions (InstructionName, PdfRelativePath) VALUES (N'Gratowanie termiczne wałków OMS', N'OMS-A-40-DW0433-AZ-22259');";"INSERT INTO dbo.Instructions (InstructionName, PdfRelativePath) VALUES (N'Gratowanie termiczne wałków OMS', N'OMS-A-40-DW0433-AZ-22259');"
Gratowanie termiczne korpusu UBG1 LAGS- duży odlew;LAGU-A-120-DW0433-KS-22258;"INSERT INTO dbo.Instructions (InstructionName, PdfRelativePath) VALUES (N'Gratowanie termiczne korpusu UBG1 LAGS- duży odlew', N'LAGU-A-120-DW0433-KS-22258');";"INSERT INTO dbo.Instructions (InstructionName, PdfRelativePath) VALUES (N'Gratowanie termiczne korpusu UBG1 LAGS- duży odlew', N'LAGU-A-120-DW0433-KS-22258');"
Gratowanie termiczne korpusu UBG1 LAGU1;LAGU-A-120-DW0433-KS-22256;"INSERT INTO dbo.Instructions (InstructionName, PdfRelativePath) VALUES (N'Gratowanie termiczne korpusu UBG1 LAGU1', N'LAGU-A-120-DW0433-KS-22256');";"INSERT INTO dbo.Instructions (InstructionName, PdfRelativePath) VALUES (N'Gratowanie termiczne korpusu UBG1 LAGU1', N'LAGU-A-120-DW0433-KS-22256');"
Gratowanie termiczne i trawienie korpusów LPS;LPS-A-60-DW0433-AZ-22255;"INSERT INTO dbo.Instructions (InstructionName, PdfRelativePath) VALUES (N'Gratowanie termiczne i trawienie korpusów LPS', N'LPS-A-60-DW0433-AZ-22255');";"INSERT INTO dbo.Instructions (InstructionName, PdfRelativePath) VALUES (N'Gratowanie termiczne i trawienie korpusów LPS', N'LPS-A-60-DW0433-AZ-22255');"
Gratowanie termiczne i trawienie korpusów LPSA;LPSA-A-60-DW0433-AZ-22254;"INSERT INTO dbo.Instructions (InstructionName, PdfRelativePath) VALUES (N'Gratowanie termiczne i trawienie korpusów LPSA', N'LPSA-A-60-DW0433-AZ-22254');";"INSERT INTO dbo.Instructions (InstructionName, PdfRelativePath) VALUES (N'Gratowanie termiczne i trawienie korpusów LPSA', N'LPSA-A-60-DW0433-AZ-22254');"
Gratowanie termiczne i trawienie korpusów PV;PV-A-60-DW0433-AZ-22253;"INSERT INTO dbo.Instructions (InstructionName, PdfRelativePath) VALUES (N'Gratowanie termiczne i trawienie korpusów PV', N'PV-A-60-DW0433-AZ-22253');";"INSERT INTO dbo.Instructions (InstructionName, PdfRelativePath) VALUES (N'Gratowanie termiczne i trawienie korpusów PV', N'PV-A-60-DW0433-AZ-22253');"
Gratowanie termiczne wałka OSPM/OSPMC;OSPM-C-40-DW0433-AZ-22252;"INSERT INTO dbo.Instructions (InstructionName, PdfRelativePath) VALUES (N'Gratowanie termiczne wałka OSPM/OSPMC', N'OSPM-C-40-DW0433-AZ-22252');";"INSERT INTO dbo.Instructions (InstructionName, PdfRelativePath) VALUES (N'Gratowanie termiczne wałka OSPM/OSPMC', N'OSPM-C-40-DW0433-AZ-22252');"
Pakowanie wałków napędowych na wysyłkę do Bodycote;ALL-D-91-DW0433-AZ-22251;"INSERT INTO dbo.Instructions (InstructionName, PdfRelativePath) VALUES (N'Pakowanie wałków napędowych na wysyłkę do Bodycote', N'ALL-D-91-DW0433-AZ-22251');";"INSERT INTO dbo.Instructions (InstructionName, PdfRelativePath) VALUES (N'Pakowanie wałków napędowych na wysyłkę do Bodycote', N'ALL-D-91-DW0433-AZ-22251');"
Gratownie termiczne pokryw końcowych OML;OMM-G-20-DW0433-AZ-22250;"INSERT INTO dbo.Instructions (InstructionName, PdfRelativePath) VALUES (N'Gratownie termiczne pokryw końcowych OML', N'OMM-G-20-DW0433-AZ-22250');";"INSERT INTO dbo.Instructions (InstructionName, PdfRelativePath) VALUES (N'Gratownie termiczne pokryw końcowych OML', N'OMM-G-20-DW0433-AZ-22250');"
Gratowanie termiczne wałków napędowych;OMR-D-90-DW0433-AZ-22249;"INSERT INTO dbo.Instructions (InstructionName, PdfRelativePath) VALUES (N'Gratowanie termiczne wałków napędowych', N'OMR-D-90-DW0433-AZ-22249');";"INSERT INTO dbo.Instructions (InstructionName, PdfRelativePath) VALUES (N'Gratowanie termiczne wałków napędowych', N'OMR-D-90-DW0433-AZ-22249');"
Gratowanie termiczne tulei OSPM;OSPM-B-20-DW0433-KS-22248;"INSERT INTO dbo.Instructions (InstructionName, PdfRelativePath) VALUES (N'Gratowanie termiczne tulei OSPM', N'OSPM-B-20-DW0433-KS-22248');";"INSERT INTO dbo.Instructions (InstructionName, PdfRelativePath) VALUES (N'Gratowanie termiczne tulei OSPM', N'OSPM-B-20-DW0433-KS-22248');"
Gratowanie termiczne korpusu OSPP;OSPP-A-120-DW0433-KS-22247;"INSERT INTO dbo.Instructions (InstructionName, PdfRelativePath) VALUES (N'Gratowanie termiczne korpusu OSPP', N'OSPP-A-120-DW0433-KS-22247');";"INSERT INTO dbo.Instructions (InstructionName, PdfRelativePath) VALUES (N'Gratowanie termiczne korpusu OSPP', N'OSPP-A-120-DW0433-KS-22247');"
Gratownie termiczne wałków OMM/OML;OML-D-20-DW0433-AZ-22246;"INSERT INTO dbo.Instructions (InstructionName, PdfRelativePath) VALUES (N'Gratownie termiczne wałków OMM/OML', N'OML-D-20-DW0433-AZ-22246');";"INSERT INTO dbo.Instructions (InstructionName, PdfRelativePath) VALUES (N'Gratownie termiczne wałków OMM/OML', N'OML-D-20-DW0433-AZ-22246');"
Gratowanie termiczne i trawienie korpusów SBX;SBX-A-60-DW0433-AZ-21926;"INSERT INTO dbo.Instructions (InstructionName, PdfRelativePath) VALUES (N'Gratowanie termiczne i trawienie korpusów SBX', N'SBX-A-60-DW0433-AZ-21926');";"INSERT INTO dbo.Instructions (InstructionName, PdfRelativePath) VALUES (N'Gratowanie termiczne i trawienie korpusów SBX', N'SBX-A-60-DW0433-AZ-21926');"
Gratowanie termiczne wałków motorowych ;OMR-A-40-DW01424-AZ-21721;"INSERT INTO dbo.Instructions (InstructionName, PdfRelativePath) VALUES (N'Gratowanie termiczne wałków motorowych ', N'OMR-A-40-DW01424-AZ-21721');";"INSERT INTO dbo.Instructions (InstructionName, PdfRelativePath) VALUES (N'Gratowanie termiczne wałków motorowych ', N'OMR-A-40-DW01424-AZ-21721');"
Gratowanie termiczne korpusów 7760 046 119 ;LAG-A-60-DW0433-AZ-21583;"INSERT INTO dbo.Instructions (InstructionName, PdfRelativePath) VALUES (N'Gratowanie termiczne korpusów 7760 046 119 ', N'LAG-A-60-DW0433-AZ-21583');";"INSERT INTO dbo.Instructions (InstructionName, PdfRelativePath) VALUES (N'Gratowanie termiczne korpusów 7760 046 119 ', N'LAG-A-60-DW0433-AZ-21583');"
Gratowanie termiczne switching plate;LAG-A-60-DW0433-AZ-21582;"INSERT INTO dbo.Instructions (InstructionName, PdfRelativePath) VALUES (N'Gratowanie termiczne switching plate', N'LAG-A-60-DW0433-AZ-21582');";"INSERT INTO dbo.Instructions (InstructionName, PdfRelativePath) VALUES (N'Gratowanie termiczne switching plate', N'LAG-A-60-DW0433-AZ-21582');"
Gratowanie termiczne i trawienie korpusów LPS;LPS-A-60-DW0433-AZ-21446;"INSERT INTO dbo.Instructions (InstructionName, PdfRelativePath) VALUES (N'Gratowanie termiczne i trawienie korpusów LPS', N'LPS-A-60-DW0433-AZ-21446');";"INSERT INTO dbo.Instructions (InstructionName, PdfRelativePath) VALUES (N'Gratowanie termiczne i trawienie korpusów LPS', N'LPS-A-60-DW0433-AZ-21446');"
Gratowanie termiczne korpusów 7760 046 130;LAG-A-60-DW0433-AZ-21391;"INSERT INTO dbo.Instructions (InstructionName, PdfRelativePath) VALUES (N'Gratowanie termiczne korpusów 7760 046 130', N'LAG-A-60-DW0433-AZ-21391');";"INSERT INTO dbo.Instructions (InstructionName, PdfRelativePath) VALUES (N'Gratowanie termiczne korpusów 7760 046 130', N'LAG-A-60-DW0433-AZ-21391');"
Gratowanie termiczne switching housing;LAG-A-60-DW0433-AZ-21365;"INSERT INTO dbo.Instructions (InstructionName, PdfRelativePath) VALUES (N'Gratowanie termiczne switching housing', N'LAG-A-60-DW0433-AZ-21365');";"INSERT INTO dbo.Instructions (InstructionName, PdfRelativePath) VALUES (N'Gratowanie termiczne switching housing', N'LAG-A-60-DW0433-AZ-21365');"
Gratowanie termiczne bloku BG;BG-A-40-DW0433-AZ-21280;"INSERT INTO dbo.Instructions (InstructionName, PdfRelativePath) VALUES (N'Gratowanie termiczne bloku BG', N'BG-A-40-DW0433-AZ-21280');";"INSERT INTO dbo.Instructions (InstructionName, PdfRelativePath) VALUES (N'Gratowanie termiczne bloku BG', N'BG-A-40-DW0433-AZ-21280');"
Gratowanie termiczne wałków OMS;OMS-A-40-DW0433-AZ-21278;"INSERT INTO dbo.Instructions (InstructionName, PdfRelativePath) VALUES (N'Gratowanie termiczne wałków OMS', N'OMS-A-40-DW0433-AZ-21278');";"INSERT INTO dbo.Instructions (InstructionName, PdfRelativePath) VALUES (N'Gratowanie termiczne wałków OMS', N'OMS-A-40-DW0433-AZ-21278');"
Gratowanie termiczne korpusu ;LAG-A-120-DW0433-KS-21159;"INSERT INTO dbo.Instructions (InstructionName, PdfRelativePath) VALUES (N'Gratowanie termiczne korpusu ', N'LAG-A-120-DW0433-KS-21159');";"INSERT INTO dbo.Instructions (InstructionName, PdfRelativePath) VALUES (N'Gratowanie termiczne korpusu ', N'LAG-A-120-DW0433-KS-21159');"
Gratowanie termiczne i trawienie korpusów LPS;LPS-A-60-DW0433-AZ-20841;"INSERT INTO dbo.Instructions (InstructionName, PdfRelativePath) VALUES (N'Gratowanie termiczne i trawienie korpusów LPS', N'LPS-A-60-DW0433-AZ-20841');";"INSERT INTO dbo.Instructions (InstructionName, PdfRelativePath) VALUES (N'Gratowanie termiczne i trawienie korpusów LPS', N'LPS-A-60-DW0433-AZ-20841');"
Gratowanie Termiczne korpusu OSPR;OSPR-A-120-DW0433-KS-1726;"INSERT INTO dbo.Instructions (InstructionName, PdfRelativePath) VALUES (N'Gratowanie Termiczne korpusu OSPR', N'OSPR-A-120-DW0433-KS-1726');";"INSERT INTO dbo.Instructions (InstructionName, PdfRelativePath) VALUES (N'Gratowanie Termiczne korpusu OSPR', N'OSPR-A-120-DW0433-KS-1726');"
Gratowanie termiczne korpusu OSPP;OSPP-A-120-DW0433-KS-1725;"INSERT INTO dbo.Instructions (InstructionName, PdfRelativePath) VALUES (N'Gratowanie termiczne korpusu OSPP', N'OSPP-A-120-DW0433-KS-1725');";"INSERT INTO dbo.Instructions (InstructionName, PdfRelativePath) VALUES (N'Gratowanie termiczne korpusu OSPP', N'OSPP-A-120-DW0433-KS-1725');"
Gratowanie termiczne wałka OSPM/OSPMC;OSPM-C-40-DW0433-AZ-4166;"INSERT INTO dbo.Instructions (InstructionName, PdfRelativePath) VALUES (N'Gratowanie termiczne wałka OSPM/OSPMC', N'OSPM-C-40-DW0433-AZ-4166');";"INSERT INTO dbo.Instructions (InstructionName, PdfRelativePath) VALUES (N'Gratowanie termiczne wałka OSPM/OSPMC', N'OSPM-C-40-DW0433-AZ-4166');"
Gratownie termiczne ADJUSTING SCREW;OSPC-R-71-DW0433-AZ-1045;"INSERT INTO dbo.Instructions (InstructionName, PdfRelativePath) VALUES (N'Gratownie termiczne ADJUSTING SCREW', N'OSPC-R-71-DW0433-AZ-1045');";"INSERT INTO dbo.Instructions (InstructionName, PdfRelativePath) VALUES (N'Gratownie termiczne ADJUSTING SCREW', N'OSPC-R-71-DW0433-AZ-1045');"
Gratownie termiczne korpusów łożyskowych OMS;OMS-A-71-DW0433-AZ-735;"INSERT INTO dbo.Instructions (InstructionName, PdfRelativePath) VALUES (N'Gratownie termiczne korpusów łożyskowych OMS', N'OMS-A-71-DW0433-AZ-735');";"INSERT INTO dbo.Instructions (InstructionName, PdfRelativePath) VALUES (N'Gratownie termiczne korpusów łożyskowych OMS', N'OMS-A-71-DW0433-AZ-735');"
Gratownie termiczne korpusu OMS;OMS-A-71-DW0433-AZ-653;"INSERT INTO dbo.Instructions (InstructionName, PdfRelativePath) VALUES (N'Gratownie termiczne korpusu OMS', N'OMS-A-71-DW0433-AZ-653');";"INSERT INTO dbo.Instructions (InstructionName, PdfRelativePath) VALUES (N'Gratownie termiczne korpusu OMS', N'OMS-A-71-DW0433-AZ-653');"
Gratownie termiczne korpusów OMRW variantowych;OMRW-G-20-DW0433-AZ-1640;"INSERT INTO dbo.Instructions (InstructionName, PdfRelativePath) VALUES (N'Gratownie termiczne korpusów OMRW variantowych', N'OMRW-G-20-DW0433-AZ-1640');";"INSERT INTO dbo.Instructions (InstructionName, PdfRelativePath) VALUES (N'Gratownie termiczne korpusów OMRW variantowych', N'OMRW-G-20-DW0433-AZ-1640');"
Gratownie termiczne SHAFT END;OMRS-D-20-DW0433-AZ-642;"INSERT INTO dbo.Instructions (InstructionName, PdfRelativePath) VALUES (N'Gratownie termiczne SHAFT END', N'OMRS-D-20-DW0433-AZ-642');";"INSERT INTO dbo.Instructions (InstructionName, PdfRelativePath) VALUES (N'Gratownie termiczne SHAFT END', N'OMRS-D-20-DW0433-AZ-642');"
Gratownie termiczne pokrywy OMR;OMR-G-20-DW0433-AZ-652;"INSERT INTO dbo.Instructions (InstructionName, PdfRelativePath) VALUES (N'Gratownie termiczne pokrywy OMR', N'OMR-G-20-DW0433-AZ-652');";"INSERT INTO dbo.Instructions (InstructionName, PdfRelativePath) VALUES (N'Gratownie termiczne pokrywy OMR', N'OMR-G-20-DW0433-AZ-652');"
Gratownie termiczne kołnierzy montażowych;OMR-G-20-DW0433-AZ-418;"INSERT INTO dbo.Instructions (InstructionName, PdfRelativePath) VALUES (N'Gratownie termiczne kołnierzy montażowych', N'OMR-G-20-DW0433-AZ-418');";"INSERT INTO dbo.Instructions (InstructionName, PdfRelativePath) VALUES (N'Gratownie termiczne kołnierzy montażowych', N'OMR-G-20-DW0433-AZ-418');"
Gratownie termiczne małych pokryw END COVER OMR i OMP;OMR-G-20-DW0433-AZ-327;"INSERT INTO dbo.Instructions (InstructionName, PdfRelativePath) VALUES (N'Gratownie termiczne małych pokryw END COVER OMR i OMP', N'OMR-G-20-DW0433-AZ-327');";"INSERT INTO dbo.Instructions (InstructionName, PdfRelativePath) VALUES (N'Gratownie termiczne małych pokryw END COVER OMR i OMP', N'OMR-G-20-DW0433-AZ-327');"
Gratownie termiczne dużych pokryw END COVER OMR i OMP;OMR-G-20-DW0433-AZ-296;"INSERT INTO dbo.Instructions (InstructionName, PdfRelativePath) VALUES (N'Gratownie termiczne dużych pokryw END COVER OMR i OMP', N'OMR-G-20-DW0433-AZ-296');";"INSERT INTO dbo.Instructions (InstructionName, PdfRelativePath) VALUES (N'Gratownie termiczne dużych pokryw END COVER OMR i OMP', N'OMR-G-20-DW0433-AZ-296');"
Gratownie termiczne wałków napędowych ze stali nierdzewnej;OMR-D-50-DW0433-AZ-287;"INSERT INTO dbo.Instructions (InstructionName, PdfRelativePath) VALUES (N'Gratownie termiczne wałków napędowych ze stali nierdzewnej', N'OMR-D-50-DW0433-AZ-287');";"INSERT INTO dbo.Instructions (InstructionName, PdfRelativePath) VALUES (N'Gratownie termiczne wałków napędowych ze stali nierdzewnej', N'OMR-D-50-DW0433-AZ-287');"
Gratownie termiczne SPOOL;OMR-D-20-DW0433-AZ-641;"INSERT INTO dbo.Instructions (InstructionName, PdfRelativePath) VALUES (N'Gratownie termiczne SPOOL', N'OMR-D-20-DW0433-AZ-641');";"INSERT INTO dbo.Instructions (InstructionName, PdfRelativePath) VALUES (N'Gratownie termiczne SPOOL', N'OMR-D-20-DW0433-AZ-641');"
Gratownie termiczne korpusów OMR;OMR-A-20-DW0433-AZ-415;"INSERT INTO dbo.Instructions (InstructionName, PdfRelativePath) VALUES (N'Gratownie termiczne korpusów OMR', N'OMR-A-20-DW0433-AZ-415');";"INSERT INTO dbo.Instructions (InstructionName, PdfRelativePath) VALUES (N'Gratownie termiczne korpusów OMR', N'OMR-A-20-DW0433-AZ-415');"
Gratownie termiczne pokryw końcowych OMM;OMM-G-20-DW0433-AZ-508;"INSERT INTO dbo.Instructions (InstructionName, PdfRelativePath) VALUES (N'Gratownie termiczne pokryw końcowych OMM', N'OMM-G-20-DW0433-AZ-508');";"INSERT INTO dbo.Instructions (InstructionName, PdfRelativePath) VALUES (N'Gratownie termiczne pokryw końcowych OMM', N'OMM-G-20-DW0433-AZ-508');"
Gratownie termiczne pokryw końcowych OMM;OMM-G-20-DW0433-AZ-435;"INSERT INTO dbo.Instructions (InstructionName, PdfRelativePath) VALUES (N'Gratownie termiczne pokryw końcowych OMM', N'OMM-G-20-DW0433-AZ-435');";"INSERT INTO dbo.Instructions (InstructionName, PdfRelativePath) VALUES (N'Gratownie termiczne pokryw końcowych OMM', N'OMM-G-20-DW0433-AZ-435');"
Gratownie termiczne pokryw końcowych OML;OMM-G-20-DW0433-AZ-2559;"INSERT INTO dbo.Instructions (InstructionName, PdfRelativePath) VALUES (N'Gratownie termiczne pokryw końcowych OML', N'OMM-G-20-DW0433-AZ-2559');";"INSERT INTO dbo.Instructions (InstructionName, PdfRelativePath) VALUES (N'Gratownie termiczne pokryw końcowych OML', N'OMM-G-20-DW0433-AZ-2559');"
Gratownie termiczne wałków OMM/OML;OML-D-20-DW0433-AZ-1642;"INSERT INTO dbo.Instructions (InstructionName, PdfRelativePath) VALUES (N'Gratownie termiczne wałków OMM/OML', N'OML-D-20-DW0433-AZ-1642');";"INSERT INTO dbo.Instructions (InstructionName, PdfRelativePath) VALUES (N'Gratownie termiczne wałków OMM/OML', N'OML-D-20-DW0433-AZ-1642');"
Dodatkowa kontrola korpusów LAG po gratow termicznym i trawieniu;LAG-A-100-DW0433-IK-21487;"INSERT INTO dbo.Instructions (InstructionName, PdfRelativePath) VALUES (N'Dodatkowa kontrola korpusów LAG po gratow termicznym i trawieniu', N'LAG-A-100-DW0433-IK-21487');";"INSERT INTO dbo.Instructions (InstructionName, PdfRelativePath) VALUES (N'Dodatkowa kontrola korpusów LAG po gratow termicznym i trawieniu', N'LAG-A-100-DW0433-IK-21487');"
Obróbka cieplna wałków napędowych program P3 na piecu Ipsen;ALL-D-50-DW0511-AZ-22275;"INSERT INTO dbo.Instructions (InstructionName, PdfRelativePath) VALUES (N'Obróbka cieplna wałków napędowych program P3 na piecu Ipsen', N'ALL-D-50-DW0511-AZ-22275');";"INSERT INTO dbo.Instructions (InstructionName, PdfRelativePath) VALUES (N'Obróbka cieplna wałków napędowych program P3 na piecu Ipsen', N'ALL-D-50-DW0511-AZ-22275');"
Obróbka cieplna wałków kardana -program 6 piec Ipsen;ALL-S-50-DW0511-AZ-22399;"INSERT INTO dbo.Instructions (InstructionName, PdfRelativePath) VALUES (N'Obróbka cieplna wałków kardana -program 6 piec Ipsen', N'ALL-S-50-DW0511-AZ-22399');";"INSERT INTO dbo.Instructions (InstructionName, PdfRelativePath) VALUES (N'Obróbka cieplna wałków kardana -program 6 piec Ipsen', N'ALL-S-50-DW0511-AZ-22399');"
Instrukcja pakowania detali po obróbce cieplnej;ALL-D-10-DW0217-KS-22284;"INSERT INTO dbo.Instructions (InstructionName, PdfRelativePath) VALUES (N'Instrukcja pakowania detali po obróbce cieplnej', N'ALL-D-10-DW0217-KS-22284');";"INSERT INTO dbo.Instructions (InstructionName, PdfRelativePath) VALUES (N'Instrukcja pakowania detali po obróbce cieplnej', N'ALL-D-10-DW0217-KS-22284');"
Obróbka cieplna wałków OMM (nawęglanie, hartowanie, odpuszczanie);OMM-D-50-DW0217-AZ-22227;"INSERT INTO dbo.Instructions (InstructionName, PdfRelativePath) VALUES (N'Obróbka cieplna wałków OMM (nawęglanie, hartowanie, odpuszczanie)', N'OMM-D-50-DW0217-AZ-22227');";"INSERT INTO dbo.Instructions (InstructionName, PdfRelativePath) VALUES (N'Obróbka cieplna wałków OMM (nawęglanie, hartowanie, odpuszczanie)', N'OMM-D-50-DW0217-AZ-22227');"
Obróbka cieplna wałków napędowych - program 30;OMR-D-100-DW0217-AZ-22234;"INSERT INTO dbo.Instructions (InstructionName, PdfRelativePath) VALUES (N'Obróbka cieplna wałków napędowych - program 30', N'OMR-D-100-DW0217-AZ-22234');";"INSERT INTO dbo.Instructions (InstructionName, PdfRelativePath) VALUES (N'Obróbka cieplna wałków napędowych - program 30', N'OMR-D-100-DW0217-AZ-22234');"
Kontrola wałka napędowego po obróbce cieplnej;ALL-D-100-DW0217-IK-5434;"INSERT INTO dbo.Instructions (InstructionName, PdfRelativePath) VALUES (N'Kontrola wałka napędowego po obróbce cieplnej', N'ALL-D-100-DW0217-IK-5434');";"INSERT INTO dbo.Instructions (InstructionName, PdfRelativePath) VALUES (N'Kontrola wałka napędowego po obróbce cieplnej', N'ALL-D-100-DW0217-IK-5434');"
Obróbka cieplna SPOOL i SHAFT END;OMR-D-50-DW0217-AZ-22228;"INSERT INTO dbo.Instructions (InstructionName, PdfRelativePath) VALUES (N'Obróbka cieplna SPOOL i SHAFT END', N'OMR-D-50-DW0217-AZ-22228');";"INSERT INTO dbo.Instructions (InstructionName, PdfRelativePath) VALUES (N'Obróbka cieplna SPOOL i SHAFT END', N'OMR-D-50-DW0217-AZ-22228');"
Obróbka cieplna wałków napędowych OMH - program 32 piece Seco;OMH-D-100-DW0217-AZ-22231;"INSERT INTO dbo.Instructions (InstructionName, PdfRelativePath) VALUES (N'Obróbka cieplna wałków napędowych OMH - program 32 piece Seco', N'OMH-D-100-DW0217-AZ-22231');";"INSERT INTO dbo.Instructions (InstructionName, PdfRelativePath) VALUES (N'Obróbka cieplna wałków napędowych OMH - program 32 piece Seco', N'OMH-D-100-DW0217-AZ-22231');"
Kontrola wałka cardana mini  po obróbce cieplnej;ALL-S-30-DW0511-IK-710;"INSERT INTO dbo.Instructions (InstructionName, PdfRelativePath) VALUES (N'Kontrola wałka cardana mini  po obróbce cieplnej', N'ALL-S-30-DW0511-IK-710');";"INSERT INTO dbo.Instructions (InstructionName, PdfRelativePath) VALUES (N'Kontrola wałka cardana mini  po obróbce cieplnej', N'ALL-S-30-DW0511-IK-710');"
Obróbka cieplna wałków kardana - program 28 piece Seco;ALL-S-50-DW0217-AZ-22403;"INSERT INTO dbo.Instructions (InstructionName, PdfRelativePath) VALUES (N'Obróbka cieplna wałków kardana - program 28 piece Seco', N'ALL-S-50-DW0217-AZ-22403');";"INSERT INTO dbo.Instructions (InstructionName, PdfRelativePath) VALUES (N'Obróbka cieplna wałków kardana - program 28 piece Seco', N'ALL-S-50-DW0217-AZ-22403');"
Kontrola wałka cardana po obróbce cieplnej;ALL-S-30-DW0511-IK-2265;"INSERT INTO dbo.Instructions (InstructionName, PdfRelativePath) VALUES (N'Kontrola wałka cardana po obróbce cieplnej', N'ALL-S-30-DW0511-IK-2265');";"INSERT INTO dbo.Instructions (InstructionName, PdfRelativePath) VALUES (N'Kontrola wałka cardana po obróbce cieplnej', N'ALL-S-30-DW0511-IK-2265');"
Obróbka cieplna velve kardana - program 37 piece Seco;ALL-S-50-DW0217-AZ-22241;"INSERT INTO dbo.Instructions (InstructionName, PdfRelativePath) VALUES (N'Obróbka cieplna velve kardana - program 37 piece Seco', N'ALL-S-50-DW0217-AZ-22241');";"INSERT INTO dbo.Instructions (InstructionName, PdfRelativePath) VALUES (N'Obróbka cieplna velve kardana - program 37 piece Seco', N'ALL-S-50-DW0217-AZ-22241');"
Kontrola velve cardana po obróbce cieplnej;ALL-S-30-DW0217-IK-22240;"INSERT INTO dbo.Instructions (InstructionName, PdfRelativePath) VALUES (N'Kontrola velve cardana po obróbce cieplnej', N'ALL-S-30-DW0217-IK-22240');";"INSERT INTO dbo.Instructions (InstructionName, PdfRelativePath) VALUES (N'Kontrola velve cardana po obróbce cieplnej', N'ALL-S-30-DW0217-IK-22240');"
Obróbka cieplna wałków OMS - program 39;OMS-D-100-DW0217-AZ-22244;"INSERT INTO dbo.Instructions (InstructionName, PdfRelativePath) VALUES (N'Obróbka cieplna wałków OMS - program 39', N'OMS-D-100-DW0217-AZ-22244');";"INSERT INTO dbo.Instructions (InstructionName, PdfRelativePath) VALUES (N'Obróbka cieplna wałków OMS - program 39', N'OMS-D-100-DW0217-AZ-22244');"
Kontrola wałka OMS po obróbce cieplnej;OMS-D-100-DW0217-IK-22245;"INSERT INTO dbo.Instructions (InstructionName, PdfRelativePath) VALUES (N'Kontrola wałka OMS po obróbce cieplnej', N'OMS-D-100-DW0217-IK-22245');";"INSERT INTO dbo.Instructions (InstructionName, PdfRelativePath) VALUES (N'Kontrola wałka OMS po obróbce cieplnej', N'OMS-D-100-DW0217-IK-22245');"
Obróbka cieplna wałka rozrządczego OSPM;OSPM-C-50-DW0217-AZ-22238;"INSERT INTO dbo.Instructions (InstructionName, PdfRelativePath) VALUES (N'Obróbka cieplna wałka rozrządczego OSPM', N'OSPM-C-50-DW0217-AZ-22238');";"INSERT INTO dbo.Instructions (InstructionName, PdfRelativePath) VALUES (N'Obróbka cieplna wałka rozrządczego OSPM', N'OSPM-C-50-DW0217-AZ-22238');"
Kontrola wałka rozrządczego OSPM po obróbce cieplnej;OSPM-C-70-DW0217-IK-22236;"INSERT INTO dbo.Instructions (InstructionName, PdfRelativePath) VALUES (N'Kontrola wałka rozrządczego OSPM po obróbce cieplnej', N'OSPM-C-70-DW0217-IK-22236');";"INSERT INTO dbo.Instructions (InstructionName, PdfRelativePath) VALUES (N'Kontrola wałka rozrządczego OSPM po obróbce cieplnej', N'OSPM-C-70-DW0217-IK-22236');"
Kontrola wałka OSPM po obróbce cieplnej;OSPM-C-100-DW0217-IK-22235;"INSERT INTO dbo.Instructions (InstructionName, PdfRelativePath) VALUES (N'Kontrola wałka OSPM po obróbce cieplnej', N'OSPM-C-100-DW0217-IK-22235');";"INSERT INTO dbo.Instructions (InstructionName, PdfRelativePath) VALUES (N'Kontrola wałka OSPM po obróbce cieplnej', N'OSPM-C-100-DW0217-IK-22235');"
Pakowanie wałka OSPM po obróbce cieplnej i kontroli;OSPM-C-100-DW0217-AZ-22237;"INSERT INTO dbo.Instructions (InstructionName, PdfRelativePath) VALUES (N'Pakowanie wałka OSPM po obróbce cieplnej i kontroli', N'OSPM-C-100-DW0217-AZ-22237');";"INSERT INTO dbo.Instructions (InstructionName, PdfRelativePath) VALUES (N'Pakowanie wałka OSPM po obróbce cieplnej i kontroli', N'OSPM-C-100-DW0217-AZ-22237');"
Obróbka cieplna wałka LAG;LAG-C-50-DW0217-AZ-22243;"INSERT INTO dbo.Instructions (InstructionName, PdfRelativePath) VALUES (N'Obróbka cieplna wałka LAG', N'LAG-C-50-DW0217-AZ-22243');";"INSERT INTO dbo.Instructions (InstructionName, PdfRelativePath) VALUES (N'Obróbka cieplna wałka LAG', N'LAG-C-50-DW0217-AZ-22243');"
Kontrola wałka LAG po obróbce cieplnej;LAG-C-80-DW0217-IK-22391;"INSERT INTO dbo.Instructions (InstructionName, PdfRelativePath) VALUES (N'Kontrola wałka LAG po obróbce cieplnej', N'LAG-C-80-DW0217-IK-22391');";"INSERT INTO dbo.Instructions (InstructionName, PdfRelativePath) VALUES (N'Kontrola wałka LAG po obróbce cieplnej', N'LAG-C-80-DW0217-IK-22391');"
Obróbka cieplna tulei OSPM;OSPM-B-30-DW0217-KS-22230;"INSERT INTO dbo.Instructions (InstructionName, PdfRelativePath) VALUES (N'Obróbka cieplna tulei OSPM', N'OSPM-B-30-DW0217-KS-22230');";"INSERT INTO dbo.Instructions (InstructionName, PdfRelativePath) VALUES (N'Obróbka cieplna tulei OSPM', N'OSPM-B-30-DW0217-KS-22230');"
Kontrola tulei OSPM po procesie obróbki cieplnej;OSPM-B-50-DW0217-IK-22226;"INSERT INTO dbo.Instructions (InstructionName, PdfRelativePath) VALUES (N'Kontrola tulei OSPM po procesie obróbki cieplnej', N'OSPM-B-50-DW0217-IK-22226');";"INSERT INTO dbo.Instructions (InstructionName, PdfRelativePath) VALUES (N'Kontrola tulei OSPM po procesie obróbki cieplnej', N'OSPM-B-50-DW0217-IK-22226');"
Kontrola tulei OSPM po obróbce cieplnej;OSPM-B-70-DW0217-IK-22232;"INSERT INTO dbo.Instructions (InstructionName, PdfRelativePath) VALUES (N'Kontrola tulei OSPM po obróbce cieplnej', N'OSPM-B-70-DW0217-IK-22232');";"INSERT INTO dbo.Instructions (InstructionName, PdfRelativePath) VALUES (N'Kontrola tulei OSPM po obróbce cieplnej', N'OSPM-B-70-DW0217-IK-22232');"
Obróbka cieplna tulei LAG;LAG-B-50-DW0217-AZ-22242;"INSERT INTO dbo.Instructions (InstructionName, PdfRelativePath) VALUES (N'Obróbka cieplna tulei LAG', N'LAG-B-50-DW0217-AZ-22242');";"INSERT INTO dbo.Instructions (InstructionName, PdfRelativePath) VALUES (N'Obróbka cieplna tulei LAG', N'LAG-B-50-DW0217-AZ-22242');"
Kontrola tulei LAG po obróbce cieplnej;LAG-C-80-DW0217-IK-22404;"INSERT INTO dbo.Instructions (InstructionName, PdfRelativePath) VALUES (N'Kontrola tulei LAG po obróbce cieplnej', N'LAG-C-80-DW0217-IK-22404');";"INSERT INTO dbo.Instructions (InstructionName, PdfRelativePath) VALUES (N'Kontrola tulei LAG po obróbce cieplnej', N'LAG-C-80-DW0217-IK-22404');"
Obróbka cieplna pressure plate OMS;OMS-G-50-DW0217-AZ-21827;"INSERT INTO dbo.Instructions (InstructionName, PdfRelativePath) VALUES (N'Obróbka cieplna pressure plate OMS', N'OMS-G-50-DW0217-AZ-21827');";"INSERT INTO dbo.Instructions (InstructionName, PdfRelativePath) VALUES (N'Obróbka cieplna pressure plate OMS', N'OMS-G-50-DW0217-AZ-21827');"
Kontrola pressure plate po obróbce cieplnej;OMS-G-50-DW0217-IK-21828;"INSERT INTO dbo.Instructions (InstructionName, PdfRelativePath) VALUES (N'Kontrola pressure plate po obróbce cieplnej', N'OMS-G-50-DW0217-IK-21828');";"INSERT INTO dbo.Instructions (InstructionName, PdfRelativePath) VALUES (N'Kontrola pressure plate po obróbce cieplnej', N'OMS-G-50-DW0217-IK-21828');"
Kontrola pokrywy OMP po obróbce cieplnej;OMP-G-50-DW0217-IK-22239;"INSERT INTO dbo.Instructions (InstructionName, PdfRelativePath) VALUES (N'Kontrola pokrywy OMP po obróbce cieplnej', N'OMP-G-50-DW0217-IK-22239');";"INSERT INTO dbo.Instructions (InstructionName, PdfRelativePath) VALUES (N'Kontrola pokrywy OMP po obróbce cieplnej', N'OMP-G-50-DW0217-IK-22239');"
Obróbka cieplna pokryw OMP;OMH-G-50-DW0217-AZ-3479;"INSERT INTO dbo.Instructions (InstructionName, PdfRelativePath) VALUES (N'Obróbka cieplna pokryw OMP', N'OMH-G-50-DW0217-AZ-3479');";"INSERT INTO dbo.Instructions (InstructionName, PdfRelativePath) VALUES (N'Obróbka cieplna pokryw OMP', N'OMH-G-50-DW0217-AZ-3479');"
Obróbka cieplna pokryw OMH;OMH-G-50-DW0217-AZ-1047;"INSERT INTO dbo.Instructions (InstructionName, PdfRelativePath) VALUES (N'Obróbka cieplna pokryw OMH', N'OMH-G-50-DW0217-AZ-1047');";"INSERT INTO dbo.Instructions (InstructionName, PdfRelativePath) VALUES (N'Obróbka cieplna pokryw OMH', N'OMH-G-50-DW0217-AZ-1047');"
Kontrola pokrywy  po obróbce cieplnej;OMP-G-50-DW0217-IK-21580;"INSERT INTO dbo.Instructions (InstructionName, PdfRelativePath) VALUES (N'Kontrola pokrywy  po obróbce cieplnej', N'OMP-G-50-DW0217-IK-21580');";"INSERT INTO dbo.Instructions (InstructionName, PdfRelativePath) VALUES (N'Kontrola pokrywy  po obróbce cieplnej', N'OMP-G-50-DW0217-IK-21580');"
Obróbka cieplna pokryw;OMP-G-50-DW0217-AZ-21581;"INSERT INTO dbo.Instructions (InstructionName, PdfRelativePath) VALUES (N'Obróbka cieplna pokryw', N'OMP-G-50-DW0217-AZ-21581');";"INSERT INTO dbo.Instructions (InstructionName, PdfRelativePath) VALUES (N'Obróbka cieplna pokryw', N'OMP-G-50-DW0217-AZ-21581');"
Kontrola podkładek dystansowych po obróbce cieplnej;OMS-O-50-DW0217-IK-1068;"INSERT INTO dbo.Instructions (InstructionName, PdfRelativePath) VALUES (N'Kontrola podkładek dystansowych po obróbce cieplnej', N'OMS-O-50-DW0217-IK-1068');";"INSERT INTO dbo.Instructions (InstructionName, PdfRelativePath) VALUES (N'Kontrola podkładek dystansowych po obróbce cieplnej', N'OMS-O-50-DW0217-IK-1068');"
Obróbka cieplna podkładek dystansowych;OMS-G-50-DW0217-AZ-4277;"INSERT INTO dbo.Instructions (InstructionName, PdfRelativePath) VALUES (N'Obróbka cieplna podkładek dystansowych', N'OMS-G-50-DW0217-AZ-4277');";"INSERT INTO dbo.Instructions (InstructionName, PdfRelativePath) VALUES (N'Obróbka cieplna podkładek dystansowych', N'OMS-G-50-DW0217-AZ-4277');"
Obróbka cieplna stalowych sworzni;ALL-R-50-DW0217-AZ-1637;"INSERT INTO dbo.Instructions (InstructionName, PdfRelativePath) VALUES (N'Obróbka cieplna stalowych sworzni', N'ALL-R-50-DW0217-AZ-1637');";"INSERT INTO dbo.Instructions (InstructionName, PdfRelativePath) VALUES (N'Obróbka cieplna stalowych sworzni', N'ALL-R-50-DW0217-AZ-1637');"
Kontrola sworzni po obróbce cieplnej;ALL-R-50-DW0217-IK-1638;"INSERT INTO dbo.Instructions (InstructionName, PdfRelativePath) VALUES (N'Kontrola sworzni po obróbce cieplnej', N'ALL-R-50-DW0217-IK-1638');";"INSERT INTO dbo.Instructions (InstructionName, PdfRelativePath) VALUES (N'Kontrola sworzni po obróbce cieplnej', N'ALL-R-50-DW0217-IK-1638');"
Instrukcja obsługi boroskopu Wohler VE 400 ;ALL-ALL-100-DW0433-KS-20497;"INSERT INTO dbo.Instructions (InstructionName, PdfRelativePath) VALUES (N'Instrukcja obsługi boroskopu Wohler VE 400 ', N'ALL-ALL-100-DW0433-KS-20497');";"INSERT INTO dbo.Instructions (InstructionName, PdfRelativePath) VALUES (N'Instrukcja obsługi boroskopu Wohler VE 400 ', N'ALL-ALL-100-DW0433-KS-20497');"
Gratowanie termiczne;OSPMS-A-43-DW0433-AZ-2713;"INSERT INTO dbo.Instructions (InstructionName, PdfRelativePath) VALUES (N'Gratowanie termiczne', N'OSPMS-A-43-DW0433-AZ-2713');";"INSERT INTO dbo.Instructions (InstructionName, PdfRelativePath) VALUES (N'Gratowanie termiczne', N'OSPMS-A-43-DW0433-AZ-2713');"
Trawienie;OSPMS-A-130-DW0197-AZ-2714;"INSERT INTO dbo.Instructions (InstructionName, PdfRelativePath) VALUES (N'Trawienie', N'OSPMS-A-130-DW0197-AZ-2714');";"INSERT INTO dbo.Instructions (InstructionName, PdfRelativePath) VALUES (N'Trawienie', N'OSPMS-A-130-DW0197-AZ-2714');"
Trawienie;OSPMS-A-130-DW0197-AZ-2715;"INSERT INTO dbo.Instructions (InstructionName, PdfRelativePath) VALUES (N'Trawienie', N'OSPMS-A-130-DW0197-AZ-2715');";"INSERT INTO dbo.Instructions (InstructionName, PdfRelativePath) VALUES (N'Trawienie', N'OSPMS-A-130-DW0197-AZ-2715');"
Gratowanie ręczne korpusu LAGZ 4310628;LAG-A-100-000-KS-21192;"INSERT INTO dbo.Instructions (InstructionName, PdfRelativePath) VALUES (N'Gratowanie ręczne korpusu LAGZ 4310628', N'LAG-A-100-000-KS-21192');";"INSERT INTO dbo.Instructions (InstructionName, PdfRelativePath) VALUES (N'Gratowanie ręczne korpusu LAGZ 4310628', N'LAG-A-100-000-KS-21192');"
Gratowanie wibracyjne wałków kardana;OML-S-30-DW0569-AZ-22287;"INSERT INTO dbo.Instructions (InstructionName, PdfRelativePath) VALUES (N'Gratowanie wibracyjne wałków kardana', N'OML-S-30-DW0569-AZ-22287');";"INSERT INTO dbo.Instructions (InstructionName, PdfRelativePath) VALUES (N'Gratowanie wibracyjne wałków kardana', N'OML-S-30-DW0569-AZ-22287');"
Gratowanie wibracyjne wałków cardana;OMP-S-30-DW0566-AZ-22277;"INSERT INTO dbo.Instructions (InstructionName, PdfRelativePath) VALUES (N'Gratowanie wibracyjne wałków cardana', N'OMP-S-30-DW0566-AZ-22277');";"INSERT INTO dbo.Instructions (InstructionName, PdfRelativePath) VALUES (N'Gratowanie wibracyjne wałków cardana', N'OMP-S-30-DW0566-AZ-22277');"
Pakowanie wałka OSPM po obróbce cieplnej i kontroli;OSPM-C-100-DW0217-AZ-22286;"INSERT INTO dbo.Instructions (InstructionName, PdfRelativePath) VALUES (N'Pakowanie wałka OSPM po obróbce cieplnej i kontroli', N'OSPM-C-100-DW0217-AZ-22286');";"INSERT INTO dbo.Instructions (InstructionName, PdfRelativePath) VALUES (N'Pakowanie wałka OSPM po obróbce cieplnej i kontroli', N'OSPM-C-100-DW0217-AZ-22286');"
Kontrola wałka napędowego po obróbce cieplnej;ALL-D-100-DW0217-IK-22288;"INSERT INTO dbo.Instructions (InstructionName, PdfRelativePath) VALUES (N'Kontrola wałka napędowego po obróbce cieplnej', N'ALL-D-100-DW0217-IK-22288');";"INSERT INTO dbo.Instructions (InstructionName, PdfRelativePath) VALUES (N'Kontrola wałka napędowego po obróbce cieplnej', N'ALL-D-100-DW0217-IK-22288');"
Opis procesu gratowania wibracyjnego;ALL-S-40-DW0566-KS-3199;"INSERT INTO dbo.Instructions (InstructionName, PdfRelativePath) VALUES (N'Opis procesu gratowania wibracyjnego', N'ALL-S-40-DW0566-KS-3199');";"INSERT INTO dbo.Instructions (InstructionName, PdfRelativePath) VALUES (N'Opis procesu gratowania wibracyjnego', N'ALL-S-40-DW0566-KS-3199');"
Instrukcja obsługi/przezbrojenia urządzenia do obróbki wibrościernej (gratowania wibracyjnego);ALL-S-30-DW0566-KS-22281;"INSERT INTO dbo.Instructions (InstructionName, PdfRelativePath) VALUES (N'Instrukcja obsługi/przezbrojenia urządzenia do obróbki wibrościernej (gratowania wibracyjnego)', N'ALL-S-30-DW0566-KS-22281');";"INSERT INTO dbo.Instructions (InstructionName, PdfRelativePath) VALUES (N'Instrukcja obsługi/przezbrojenia urządzenia do obróbki wibrościernej (gratowania wibracyjnego)', N'ALL-S-30-DW0566-KS-22281');"
Instrukcja obsługi/przezbrojenia urządzenia do obróbki wibrościernej;ALL-S-30-DW0569-KS-22282;"INSERT INTO dbo.Instructions (InstructionName, PdfRelativePath) VALUES (N'Instrukcja obsługi/przezbrojenia urządzenia do obróbki wibrościernej', N'ALL-S-30-DW0569-KS-22282');";"INSERT INTO dbo.Instructions (InstructionName, PdfRelativePath) VALUES (N'Instrukcja obsługi/przezbrojenia urządzenia do obróbki wibrościernej', N'ALL-S-30-DW0569-KS-22282');"
Przebieg procesu obróbki wibrościernej;ALL-S-30-DW0569-KS-22280;"INSERT INTO dbo.Instructions (InstructionName, PdfRelativePath) VALUES (N'Przebieg procesu obróbki wibrościernej', N'ALL-S-30-DW0569-KS-22280');";"INSERT INTO dbo.Instructions (InstructionName, PdfRelativePath) VALUES (N'Przebieg procesu obróbki wibrościernej', N'ALL-S-30-DW0569-KS-22280');"
Kontrola detali po gratowaniu wibracyjnym;OMP-S-60-DW0566-IK-2668;"INSERT INTO dbo.Instructions (InstructionName, PdfRelativePath) VALUES (N'Kontrola detali po gratowaniu wibracyjnym', N'OMP-S-60-DW0566-IK-2668');";"INSERT INTO dbo.Instructions (InstructionName, PdfRelativePath) VALUES (N'Kontrola detali po gratowaniu wibracyjnym', N'OMP-S-60-DW0566-IK-2668');"
Nadzór nad oprzyrządowaniem;ALL-S-0-DW0433-AZ-22297;"INSERT INTO dbo.Instructions (InstructionName, PdfRelativePath) VALUES (N'Nadzór nad oprzyrządowaniem', N'ALL-S-0-DW0433-AZ-22297');";"INSERT INTO dbo.Instructions (InstructionName, PdfRelativePath) VALUES (N'Nadzór nad oprzyrządowaniem', N'ALL-S-0-DW0433-AZ-22297');"
Instrukcja obsługi/przezbrojeń urządzenia Extrude Hone 350 do gratowania termicznego ;ALL-ALL-90-DW1424-AZ-21662;"INSERT INTO dbo.Instructions (InstructionName, PdfRelativePath) VALUES (N'Instrukcja obsługi/przezbrojeń urządzenia Extrude Hone 350 do gratowania termicznego ', N'ALL-ALL-90-DW1424-AZ-21662');";"INSERT INTO dbo.Instructions (InstructionName, PdfRelativePath) VALUES (N'Instrukcja obsługi/przezbrojeń urządzenia Extrude Hone 350 do gratowania termicznego ', N'ALL-ALL-90-DW1424-AZ-21662');"
Instrukcja uzupełniania wsadów do procesu  gratowania termicznego;OSPM-C-40-DW0433-KS-1644;"INSERT INTO dbo.Instructions (InstructionName, PdfRelativePath) VALUES (N'Instrukcja uzupełniania wsadów do procesu  gratowania termicznego', N'OSPM-C-40-DW0433-KS-1644');";"INSERT INTO dbo.Instructions (InstructionName, PdfRelativePath) VALUES (N'Instrukcja uzupełniania wsadów do procesu  gratowania termicznego', N'OSPM-C-40-DW0433-KS-1644');"
Instrukcja kontroli detali po gratowaniu termicznym;ALL-D-90-DW0563-IK-3106;"INSERT INTO dbo.Instructions (InstructionName, PdfRelativePath) VALUES (N'Instrukcja kontroli detali po gratowaniu termicznym', N'ALL-D-90-DW0563-IK-3106');";"INSERT INTO dbo.Instructions (InstructionName, PdfRelativePath) VALUES (N'Instrukcja kontroli detali po gratowaniu termicznym', N'ALL-D-90-DW0563-IK-3106');"
Pakowanie;All-ALL-50-DW0433-AZ-5242;"INSERT INTO dbo.Instructions (InstructionName, PdfRelativePath) VALUES (N'Pakowanie', N'All-ALL-50-DW0433-AZ-5242');";"INSERT INTO dbo.Instructions (InstructionName, PdfRelativePath) VALUES (N'Pakowanie', N'All-ALL-50-DW0433-AZ-5242');"
Parametry procesu gratowania temicznego;ALL-A-90-DW0433-KS-1980;"INSERT INTO dbo.Instructions (InstructionName, PdfRelativePath) VALUES (N'Parametry procesu gratowania temicznego', N'ALL-A-90-DW0433-KS-1980');";"INSERT INTO dbo.Instructions (InstructionName, PdfRelativePath) VALUES (N'Parametry procesu gratowania temicznego', N'ALL-A-90-DW0433-KS-1980');"
Opis procesu gratowania termicznego i trawienia;ALL-A-20-DW0433-KS-3196;"INSERT INTO dbo.Instructions (InstructionName, PdfRelativePath) VALUES (N'Opis procesu gratowania termicznego i trawienia', N'ALL-A-20-DW0433-KS-3196');";"INSERT INTO dbo.Instructions (InstructionName, PdfRelativePath) VALUES (N'Opis procesu gratowania termicznego i trawienia', N'ALL-A-20-DW0433-KS-3196');"
Obróbka cieplna wałków kardana OMM i OML program 27 piece Seco;OMM-S-50-DW0217-AZ-22233;"INSERT INTO dbo.Instructions (InstructionName, PdfRelativePath) VALUES (N'Obróbka cieplna wałków kardana OMM i OML program 27 piece Seco', N'OMM-S-50-DW0217-AZ-22233');";"INSERT INTO dbo.Instructions (InstructionName, PdfRelativePath) VALUES (N'Obróbka cieplna wałków kardana OMM i OML program 27 piece Seco', N'OMM-S-50-DW0217-AZ-22233');"
