InstructionID;MachineID;;"USE IF;
GO

IF OBJECT_ID('dbo.InstructionMachine', 'U') IS NULL
BEGIN
    CREATE TABLE dbo.InstructionMachine
    (
        InstructionsInstructionID INT NOT NULL,
        MachinesMachineID INT NOT NULL,

        CONSTRAINT PK_InstructionMachine
            PRIMARY KEY (InstructionsInstructionID, MachinesMachineID),

        CONSTRAINT FK_InstructionMachine_Instructions
            FOREIGN KEY (InstructionsInstructionID)
            REFERENCES dbo.Instructions(InstructionID),

        CONSTRAINT FK_InstructionMachine_Machines
            FOREIGN KEY (MachinesMachineID)
            REFERENCES dbo.Machines(MachineID)
    );
END"
1;3;"INSERT INTO dbo.InstructionMachine (InstructionsInstructionID, MachinesMachineID) VALUES (N'1', N'3');";"INSERT INTO dbo.InstructionMachine (InstructionsInstructionID, MachinesMachineID) VALUES (N'1', N'3');"
1;4;"INSERT INTO dbo.InstructionMachine (InstructionsInstructionID, MachinesMachineID) VALUES (N'1', N'4');";"INSERT INTO dbo.InstructionMachine (InstructionsInstructionID, MachinesMachineID) VALUES (N'1', N'4');"
1;5;"INSERT INTO dbo.InstructionMachine (InstructionsInstructionID, MachinesMachineID) VALUES (N'1', N'5');";"INSERT INTO dbo.InstructionMachine (InstructionsInstructionID, MachinesMachineID) VALUES (N'1', N'5');"
1;6;"INSERT INTO dbo.InstructionMachine (InstructionsInstructionID, MachinesMachineID) VALUES (N'1', N'6');";"INSERT INTO dbo.InstructionMachine (InstructionsInstructionID, MachinesMachineID) VALUES (N'1', N'6');"
1;7;"INSERT INTO dbo.InstructionMachine (InstructionsInstructionID, MachinesMachineID) VALUES (N'1', N'7');";"INSERT INTO dbo.InstructionMachine (InstructionsInstructionID, MachinesMachineID) VALUES (N'1', N'7');"
2;3;"INSERT INTO dbo.InstructionMachine (InstructionsInstructionID, MachinesMachineID) VALUES (N'2', N'3');";"INSERT INTO dbo.InstructionMachine (InstructionsInstructionID, MachinesMachineID) VALUES (N'2', N'3');"
2;4;"INSERT INTO dbo.InstructionMachine (InstructionsInstructionID, MachinesMachineID) VALUES (N'2', N'4');";"INSERT INTO dbo.InstructionMachine (InstructionsInstructionID, MachinesMachineID) VALUES (N'2', N'4');"
2;5;"INSERT INTO dbo.InstructionMachine (InstructionsInstructionID, MachinesMachineID) VALUES (N'2', N'5');";"INSERT INTO dbo.InstructionMachine (InstructionsInstructionID, MachinesMachineID) VALUES (N'2', N'5');"
2;6;"INSERT INTO dbo.InstructionMachine (InstructionsInstructionID, MachinesMachineID) VALUES (N'2', N'6');";"INSERT INTO dbo.InstructionMachine (InstructionsInstructionID, MachinesMachineID) VALUES (N'2', N'6');"
2;7;"INSERT INTO dbo.InstructionMachine (InstructionsInstructionID, MachinesMachineID) VALUES (N'2', N'7');";"INSERT INTO dbo.InstructionMachine (InstructionsInstructionID, MachinesMachineID) VALUES (N'2', N'7');"
3;3;"INSERT INTO dbo.InstructionMachine (InstructionsInstructionID, MachinesMachineID) VALUES (N'3', N'3');";"INSERT INTO dbo.InstructionMachine (InstructionsInstructionID, MachinesMachineID) VALUES (N'3', N'3');"
3;4;"INSERT INTO dbo.InstructionMachine (InstructionsInstructionID, MachinesMachineID) VALUES (N'3', N'4');";"INSERT INTO dbo.InstructionMachine (InstructionsInstructionID, MachinesMachineID) VALUES (N'3', N'4');"
3;5;"INSERT INTO dbo.InstructionMachine (InstructionsInstructionID, MachinesMachineID) VALUES (N'3', N'5');";"INSERT INTO dbo.InstructionMachine (InstructionsInstructionID, MachinesMachineID) VALUES (N'3', N'5');"
4;6;"INSERT INTO dbo.InstructionMachine (InstructionsInstructionID, MachinesMachineID) VALUES (N'4', N'6');";"INSERT INTO dbo.InstructionMachine (InstructionsInstructionID, MachinesMachineID) VALUES (N'4', N'6');"
4;7;"INSERT INTO dbo.InstructionMachine (InstructionsInstructionID, MachinesMachineID) VALUES (N'4', N'7');";"INSERT INTO dbo.InstructionMachine (InstructionsInstructionID, MachinesMachineID) VALUES (N'4', N'7');"
4;3;"INSERT INTO dbo.InstructionMachine (InstructionsInstructionID, MachinesMachineID) VALUES (N'4', N'3');";"INSERT INTO dbo.InstructionMachine (InstructionsInstructionID, MachinesMachineID) VALUES (N'4', N'3');"
4;4;"INSERT INTO dbo.InstructionMachine (InstructionsInstructionID, MachinesMachineID) VALUES (N'4', N'4');";"INSERT INTO dbo.InstructionMachine (InstructionsInstructionID, MachinesMachineID) VALUES (N'4', N'4');"
4;5;"INSERT INTO dbo.InstructionMachine (InstructionsInstructionID, MachinesMachineID) VALUES (N'4', N'5');";"INSERT INTO dbo.InstructionMachine (InstructionsInstructionID, MachinesMachineID) VALUES (N'4', N'5');"
5;4;"INSERT INTO dbo.InstructionMachine (InstructionsInstructionID, MachinesMachineID) VALUES (N'5', N'4');";"INSERT INTO dbo.InstructionMachine (InstructionsInstructionID, MachinesMachineID) VALUES (N'5', N'4');"
5;5;"INSERT INTO dbo.InstructionMachine (InstructionsInstructionID, MachinesMachineID) VALUES (N'5', N'5');";"INSERT INTO dbo.InstructionMachine (InstructionsInstructionID, MachinesMachineID) VALUES (N'5', N'5');"
5;6;"INSERT INTO dbo.InstructionMachine (InstructionsInstructionID, MachinesMachineID) VALUES (N'5', N'6');";"INSERT INTO dbo.InstructionMachine (InstructionsInstructionID, MachinesMachineID) VALUES (N'5', N'6');"
5;7;"INSERT INTO dbo.InstructionMachine (InstructionsInstructionID, MachinesMachineID) VALUES (N'5', N'7');";"INSERT INTO dbo.InstructionMachine (InstructionsInstructionID, MachinesMachineID) VALUES (N'5', N'7');"
5;3;"INSERT INTO dbo.InstructionMachine (InstructionsInstructionID, MachinesMachineID) VALUES (N'5', N'3');";"INSERT INTO dbo.InstructionMachine (InstructionsInstructionID, MachinesMachineID) VALUES (N'5', N'3');"
6;6;"INSERT INTO dbo.InstructionMachine (InstructionsInstructionID, MachinesMachineID) VALUES (N'6', N'6');";"INSERT INTO dbo.InstructionMachine (InstructionsInstructionID, MachinesMachineID) VALUES (N'6', N'6');"
6;7;"INSERT INTO dbo.InstructionMachine (InstructionsInstructionID, MachinesMachineID) VALUES (N'6', N'7');";"INSERT INTO dbo.InstructionMachine (InstructionsInstructionID, MachinesMachineID) VALUES (N'6', N'7');"
6;3;"INSERT INTO dbo.InstructionMachine (InstructionsInstructionID, MachinesMachineID) VALUES (N'6', N'3');";"INSERT INTO dbo.InstructionMachine (InstructionsInstructionID, MachinesMachineID) VALUES (N'6', N'3');"
6;4;"INSERT INTO dbo.InstructionMachine (InstructionsInstructionID, MachinesMachineID) VALUES (N'6', N'4');";"INSERT INTO dbo.InstructionMachine (InstructionsInstructionID, MachinesMachineID) VALUES (N'6', N'4');"
6;5;"INSERT INTO dbo.InstructionMachine (InstructionsInstructionID, MachinesMachineID) VALUES (N'6', N'5');";"INSERT INTO dbo.InstructionMachine (InstructionsInstructionID, MachinesMachineID) VALUES (N'6', N'5');"
7;4;"INSERT INTO dbo.InstructionMachine (InstructionsInstructionID, MachinesMachineID) VALUES (N'7', N'4');";"INSERT INTO dbo.InstructionMachine (InstructionsInstructionID, MachinesMachineID) VALUES (N'7', N'4');"
7;5;"INSERT INTO dbo.InstructionMachine (InstructionsInstructionID, MachinesMachineID) VALUES (N'7', N'5');";"INSERT INTO dbo.InstructionMachine (InstructionsInstructionID, MachinesMachineID) VALUES (N'7', N'5');"
7;6;"INSERT INTO dbo.InstructionMachine (InstructionsInstructionID, MachinesMachineID) VALUES (N'7', N'6');";"INSERT INTO dbo.InstructionMachine (InstructionsInstructionID, MachinesMachineID) VALUES (N'7', N'6');"
7;7;"INSERT INTO dbo.InstructionMachine (InstructionsInstructionID, MachinesMachineID) VALUES (N'7', N'7');";"INSERT INTO dbo.InstructionMachine (InstructionsInstructionID, MachinesMachineID) VALUES (N'7', N'7');"
7;3;"INSERT INTO dbo.InstructionMachine (InstructionsInstructionID, MachinesMachineID) VALUES (N'7', N'3');";"INSERT INTO dbo.InstructionMachine (InstructionsInstructionID, MachinesMachineID) VALUES (N'7', N'3');"
8;4;"INSERT INTO dbo.InstructionMachine (InstructionsInstructionID, MachinesMachineID) VALUES (N'8', N'4');";"INSERT INTO dbo.InstructionMachine (InstructionsInstructionID, MachinesMachineID) VALUES (N'8', N'4');"
8;5;"INSERT INTO dbo.InstructionMachine (InstructionsInstructionID, MachinesMachineID) VALUES (N'8', N'5');";"INSERT INTO dbo.InstructionMachine (InstructionsInstructionID, MachinesMachineID) VALUES (N'8', N'5');"
8;6;"INSERT INTO dbo.InstructionMachine (InstructionsInstructionID, MachinesMachineID) VALUES (N'8', N'6');";"INSERT INTO dbo.InstructionMachine (InstructionsInstructionID, MachinesMachineID) VALUES (N'8', N'6');"
8;7;"INSERT INTO dbo.InstructionMachine (InstructionsInstructionID, MachinesMachineID) VALUES (N'8', N'7');";"INSERT INTO dbo.InstructionMachine (InstructionsInstructionID, MachinesMachineID) VALUES (N'8', N'7');"
8;3;"INSERT INTO dbo.InstructionMachine (InstructionsInstructionID, MachinesMachineID) VALUES (N'8', N'3');";"INSERT INTO dbo.InstructionMachine (InstructionsInstructionID, MachinesMachineID) VALUES (N'8', N'3');"
9;7;"INSERT INTO dbo.InstructionMachine (InstructionsInstructionID, MachinesMachineID) VALUES (N'9', N'7');";"INSERT INTO dbo.InstructionMachine (InstructionsInstructionID, MachinesMachineID) VALUES (N'9', N'7');"
9;3;"INSERT INTO dbo.InstructionMachine (InstructionsInstructionID, MachinesMachineID) VALUES (N'9', N'3');";"INSERT INTO dbo.InstructionMachine (InstructionsInstructionID, MachinesMachineID) VALUES (N'9', N'3');"
9;4;"INSERT INTO dbo.InstructionMachine (InstructionsInstructionID, MachinesMachineID) VALUES (N'9', N'4');";"INSERT INTO dbo.InstructionMachine (InstructionsInstructionID, MachinesMachineID) VALUES (N'9', N'4');"
9;5;"INSERT INTO dbo.InstructionMachine (InstructionsInstructionID, MachinesMachineID) VALUES (N'9', N'5');";"INSERT INTO dbo.InstructionMachine (InstructionsInstructionID, MachinesMachineID) VALUES (N'9', N'5');"
9;6;"INSERT INTO dbo.InstructionMachine (InstructionsInstructionID, MachinesMachineID) VALUES (N'9', N'6');";"INSERT INTO dbo.InstructionMachine (InstructionsInstructionID, MachinesMachineID) VALUES (N'9', N'6');"
10;7;"INSERT INTO dbo.InstructionMachine (InstructionsInstructionID, MachinesMachineID) VALUES (N'10', N'7');";"INSERT INTO dbo.InstructionMachine (InstructionsInstructionID, MachinesMachineID) VALUES (N'10', N'7');"
10;3;"INSERT INTO dbo.InstructionMachine (InstructionsInstructionID, MachinesMachineID) VALUES (N'10', N'3');";"INSERT INTO dbo.InstructionMachine (InstructionsInstructionID, MachinesMachineID) VALUES (N'10', N'3');"
10;4;"INSERT INTO dbo.InstructionMachine (InstructionsInstructionID, MachinesMachineID) VALUES (N'10', N'4');";"INSERT INTO dbo.InstructionMachine (InstructionsInstructionID, MachinesMachineID) VALUES (N'10', N'4');"
10;5;"INSERT INTO dbo.InstructionMachine (InstructionsInstructionID, MachinesMachineID) VALUES (N'10', N'5');";"INSERT INTO dbo.InstructionMachine (InstructionsInstructionID, MachinesMachineID) VALUES (N'10', N'5');"
10;6;"INSERT INTO dbo.InstructionMachine (InstructionsInstructionID, MachinesMachineID) VALUES (N'10', N'6');";"INSERT INTO dbo.InstructionMachine (InstructionsInstructionID, MachinesMachineID) VALUES (N'10', N'6');"
11;7;"INSERT INTO dbo.InstructionMachine (InstructionsInstructionID, MachinesMachineID) VALUES (N'11', N'7');";"INSERT INTO dbo.InstructionMachine (InstructionsInstructionID, MachinesMachineID) VALUES (N'11', N'7');"
11;3;"INSERT INTO dbo.InstructionMachine (InstructionsInstructionID, MachinesMachineID) VALUES (N'11', N'3');";"INSERT INTO dbo.InstructionMachine (InstructionsInstructionID, MachinesMachineID) VALUES (N'11', N'3');"
11;4;"INSERT INTO dbo.InstructionMachine (InstructionsInstructionID, MachinesMachineID) VALUES (N'11', N'4');";"INSERT INTO dbo.InstructionMachine (InstructionsInstructionID, MachinesMachineID) VALUES (N'11', N'4');"
11;5;"INSERT INTO dbo.InstructionMachine (InstructionsInstructionID, MachinesMachineID) VALUES (N'11', N'5');";"INSERT INTO dbo.InstructionMachine (InstructionsInstructionID, MachinesMachineID) VALUES (N'11', N'5');"
11;6;"INSERT INTO dbo.InstructionMachine (InstructionsInstructionID, MachinesMachineID) VALUES (N'11', N'6');";"INSERT INTO dbo.InstructionMachine (InstructionsInstructionID, MachinesMachineID) VALUES (N'11', N'6');"
12;3;"INSERT INTO dbo.InstructionMachine (InstructionsInstructionID, MachinesMachineID) VALUES (N'12', N'3');";"INSERT INTO dbo.InstructionMachine (InstructionsInstructionID, MachinesMachineID) VALUES (N'12', N'3');"
12;4;"INSERT INTO dbo.InstructionMachine (InstructionsInstructionID, MachinesMachineID) VALUES (N'12', N'4');";"INSERT INTO dbo.InstructionMachine (InstructionsInstructionID, MachinesMachineID) VALUES (N'12', N'4');"
12;5;"INSERT INTO dbo.InstructionMachine (InstructionsInstructionID, MachinesMachineID) VALUES (N'12', N'5');";"INSERT INTO dbo.InstructionMachine (InstructionsInstructionID, MachinesMachineID) VALUES (N'12', N'5');"
12;6;"INSERT INTO dbo.InstructionMachine (InstructionsInstructionID, MachinesMachineID) VALUES (N'12', N'6');";"INSERT INTO dbo.InstructionMachine (InstructionsInstructionID, MachinesMachineID) VALUES (N'12', N'6');"
12;7;"INSERT INTO dbo.InstructionMachine (InstructionsInstructionID, MachinesMachineID) VALUES (N'12', N'7');";"INSERT INTO dbo.InstructionMachine (InstructionsInstructionID, MachinesMachineID) VALUES (N'12', N'7');"
13;4;"INSERT INTO dbo.InstructionMachine (InstructionsInstructionID, MachinesMachineID) VALUES (N'13', N'4');";"INSERT INTO dbo.InstructionMachine (InstructionsInstructionID, MachinesMachineID) VALUES (N'13', N'4');"
13;5;"INSERT INTO dbo.InstructionMachine (InstructionsInstructionID, MachinesMachineID) VALUES (N'13', N'5');";"INSERT INTO dbo.InstructionMachine (InstructionsInstructionID, MachinesMachineID) VALUES (N'13', N'5');"
13;6;"INSERT INTO dbo.InstructionMachine (InstructionsInstructionID, MachinesMachineID) VALUES (N'13', N'6');";"INSERT INTO dbo.InstructionMachine (InstructionsInstructionID, MachinesMachineID) VALUES (N'13', N'6');"
13;7;"INSERT INTO dbo.InstructionMachine (InstructionsInstructionID, MachinesMachineID) VALUES (N'13', N'7');";"INSERT INTO dbo.InstructionMachine (InstructionsInstructionID, MachinesMachineID) VALUES (N'13', N'7');"
14;3;"INSERT INTO dbo.InstructionMachine (InstructionsInstructionID, MachinesMachineID) VALUES (N'14', N'3');";"INSERT INTO dbo.InstructionMachine (InstructionsInstructionID, MachinesMachineID) VALUES (N'14', N'3');"
14;4;"INSERT INTO dbo.InstructionMachine (InstructionsInstructionID, MachinesMachineID) VALUES (N'14', N'4');";"INSERT INTO dbo.InstructionMachine (InstructionsInstructionID, MachinesMachineID) VALUES (N'14', N'4');"
14;5;"INSERT INTO dbo.InstructionMachine (InstructionsInstructionID, MachinesMachineID) VALUES (N'14', N'5');";"INSERT INTO dbo.InstructionMachine (InstructionsInstructionID, MachinesMachineID) VALUES (N'14', N'5');"
14;6;"INSERT INTO dbo.InstructionMachine (InstructionsInstructionID, MachinesMachineID) VALUES (N'14', N'6');";"INSERT INTO dbo.InstructionMachine (InstructionsInstructionID, MachinesMachineID) VALUES (N'14', N'6');"
15;7;"INSERT INTO dbo.InstructionMachine (InstructionsInstructionID, MachinesMachineID) VALUES (N'15', N'7');";"INSERT INTO dbo.InstructionMachine (InstructionsInstructionID, MachinesMachineID) VALUES (N'15', N'7');"
15;3;"INSERT INTO dbo.InstructionMachine (InstructionsInstructionID, MachinesMachineID) VALUES (N'15', N'3');";"INSERT INTO dbo.InstructionMachine (InstructionsInstructionID, MachinesMachineID) VALUES (N'15', N'3');"
15;4;"INSERT INTO dbo.InstructionMachine (InstructionsInstructionID, MachinesMachineID) VALUES (N'15', N'4');";"INSERT INTO dbo.InstructionMachine (InstructionsInstructionID, MachinesMachineID) VALUES (N'15', N'4');"
15;5;"INSERT INTO dbo.InstructionMachine (InstructionsInstructionID, MachinesMachineID) VALUES (N'15', N'5');";"INSERT INTO dbo.InstructionMachine (InstructionsInstructionID, MachinesMachineID) VALUES (N'15', N'5');"
15;6;"INSERT INTO dbo.InstructionMachine (InstructionsInstructionID, MachinesMachineID) VALUES (N'15', N'6');";"INSERT INTO dbo.InstructionMachine (InstructionsInstructionID, MachinesMachineID) VALUES (N'15', N'6');"
16;3;"INSERT INTO dbo.InstructionMachine (InstructionsInstructionID, MachinesMachineID) VALUES (N'16', N'3');";"INSERT INTO dbo.InstructionMachine (InstructionsInstructionID, MachinesMachineID) VALUES (N'16', N'3');"
16;4;"INSERT INTO dbo.InstructionMachine (InstructionsInstructionID, MachinesMachineID) VALUES (N'16', N'4');";"INSERT INTO dbo.InstructionMachine (InstructionsInstructionID, MachinesMachineID) VALUES (N'16', N'4');"
16;5;"INSERT INTO dbo.InstructionMachine (InstructionsInstructionID, MachinesMachineID) VALUES (N'16', N'5');";"INSERT INTO dbo.InstructionMachine (InstructionsInstructionID, MachinesMachineID) VALUES (N'16', N'5');"
17;6;"INSERT INTO dbo.InstructionMachine (InstructionsInstructionID, MachinesMachineID) VALUES (N'17', N'6');";"INSERT INTO dbo.InstructionMachine (InstructionsInstructionID, MachinesMachineID) VALUES (N'17', N'6');"
17;7;"INSERT INTO dbo.InstructionMachine (InstructionsInstructionID, MachinesMachineID) VALUES (N'17', N'7');";"INSERT INTO dbo.InstructionMachine (InstructionsInstructionID, MachinesMachineID) VALUES (N'17', N'7');"
17;3;"INSERT INTO dbo.InstructionMachine (InstructionsInstructionID, MachinesMachineID) VALUES (N'17', N'3');";"INSERT INTO dbo.InstructionMachine (InstructionsInstructionID, MachinesMachineID) VALUES (N'17', N'3');"
17;4;"INSERT INTO dbo.InstructionMachine (InstructionsInstructionID, MachinesMachineID) VALUES (N'17', N'4');";"INSERT INTO dbo.InstructionMachine (InstructionsInstructionID, MachinesMachineID) VALUES (N'17', N'4');"
17;5;"INSERT INTO dbo.InstructionMachine (InstructionsInstructionID, MachinesMachineID) VALUES (N'17', N'5');";"INSERT INTO dbo.InstructionMachine (InstructionsInstructionID, MachinesMachineID) VALUES (N'17', N'5');"
18;5;"INSERT INTO dbo.InstructionMachine (InstructionsInstructionID, MachinesMachineID) VALUES (N'18', N'5');";"INSERT INTO dbo.InstructionMachine (InstructionsInstructionID, MachinesMachineID) VALUES (N'18', N'5');"
18;6;"INSERT INTO dbo.InstructionMachine (InstructionsInstructionID, MachinesMachineID) VALUES (N'18', N'6');";"INSERT INTO dbo.InstructionMachine (InstructionsInstructionID, MachinesMachineID) VALUES (N'18', N'6');"
18;7;"INSERT INTO dbo.InstructionMachine (InstructionsInstructionID, MachinesMachineID) VALUES (N'18', N'7');";"INSERT INTO dbo.InstructionMachine (InstructionsInstructionID, MachinesMachineID) VALUES (N'18', N'7');"
18;3;"INSERT INTO dbo.InstructionMachine (InstructionsInstructionID, MachinesMachineID) VALUES (N'18', N'3');";"INSERT INTO dbo.InstructionMachine (InstructionsInstructionID, MachinesMachineID) VALUES (N'18', N'3');"
18;4;"INSERT INTO dbo.InstructionMachine (InstructionsInstructionID, MachinesMachineID) VALUES (N'18', N'4');";"INSERT INTO dbo.InstructionMachine (InstructionsInstructionID, MachinesMachineID) VALUES (N'18', N'4');"
19;3;"INSERT INTO dbo.InstructionMachine (InstructionsInstructionID, MachinesMachineID) VALUES (N'19', N'3');";"INSERT INTO dbo.InstructionMachine (InstructionsInstructionID, MachinesMachineID) VALUES (N'19', N'3');"
19;4;"INSERT INTO dbo.InstructionMachine (InstructionsInstructionID, MachinesMachineID) VALUES (N'19', N'4');";"INSERT INTO dbo.InstructionMachine (InstructionsInstructionID, MachinesMachineID) VALUES (N'19', N'4');"
19;5;"INSERT INTO dbo.InstructionMachine (InstructionsInstructionID, MachinesMachineID) VALUES (N'19', N'5');";"INSERT INTO dbo.InstructionMachine (InstructionsInstructionID, MachinesMachineID) VALUES (N'19', N'5');"
19;6;"INSERT INTO dbo.InstructionMachine (InstructionsInstructionID, MachinesMachineID) VALUES (N'19', N'6');";"INSERT INTO dbo.InstructionMachine (InstructionsInstructionID, MachinesMachineID) VALUES (N'19', N'6');"
20;7;"INSERT INTO dbo.InstructionMachine (InstructionsInstructionID, MachinesMachineID) VALUES (N'20', N'7');";"INSERT INTO dbo.InstructionMachine (InstructionsInstructionID, MachinesMachineID) VALUES (N'20', N'7');"
20;3;"INSERT INTO dbo.InstructionMachine (InstructionsInstructionID, MachinesMachineID) VALUES (N'20', N'3');";"INSERT INTO dbo.InstructionMachine (InstructionsInstructionID, MachinesMachineID) VALUES (N'20', N'3');"
20;4;"INSERT INTO dbo.InstructionMachine (InstructionsInstructionID, MachinesMachineID) VALUES (N'20', N'4');";"INSERT INTO dbo.InstructionMachine (InstructionsInstructionID, MachinesMachineID) VALUES (N'20', N'4');"
20;5;"INSERT INTO dbo.InstructionMachine (InstructionsInstructionID, MachinesMachineID) VALUES (N'20', N'5');";"INSERT INTO dbo.InstructionMachine (InstructionsInstructionID, MachinesMachineID) VALUES (N'20', N'5');"
20;6;"INSERT INTO dbo.InstructionMachine (InstructionsInstructionID, MachinesMachineID) VALUES (N'20', N'6');";"INSERT INTO dbo.InstructionMachine (InstructionsInstructionID, MachinesMachineID) VALUES (N'20', N'6');"
21;4;"INSERT INTO dbo.InstructionMachine (InstructionsInstructionID, MachinesMachineID) VALUES (N'21', N'4');";"INSERT INTO dbo.InstructionMachine (InstructionsInstructionID, MachinesMachineID) VALUES (N'21', N'4');"
21;5;"INSERT INTO dbo.InstructionMachine (InstructionsInstructionID, MachinesMachineID) VALUES (N'21', N'5');";"INSERT INTO dbo.InstructionMachine (InstructionsInstructionID, MachinesMachineID) VALUES (N'21', N'5');"
21;6;"INSERT INTO dbo.InstructionMachine (InstructionsInstructionID, MachinesMachineID) VALUES (N'21', N'6');";"INSERT INTO dbo.InstructionMachine (InstructionsInstructionID, MachinesMachineID) VALUES (N'21', N'6');"
21;7;"INSERT INTO dbo.InstructionMachine (InstructionsInstructionID, MachinesMachineID) VALUES (N'21', N'7');";"INSERT INTO dbo.InstructionMachine (InstructionsInstructionID, MachinesMachineID) VALUES (N'21', N'7');"
21;3;"INSERT INTO dbo.InstructionMachine (InstructionsInstructionID, MachinesMachineID) VALUES (N'21', N'3');";"INSERT INTO dbo.InstructionMachine (InstructionsInstructionID, MachinesMachineID) VALUES (N'21', N'3');"
22;5;"INSERT INTO dbo.InstructionMachine (InstructionsInstructionID, MachinesMachineID) VALUES (N'22', N'5');";"INSERT INTO dbo.InstructionMachine (InstructionsInstructionID, MachinesMachineID) VALUES (N'22', N'5');"
22;6;"INSERT INTO dbo.InstructionMachine (InstructionsInstructionID, MachinesMachineID) VALUES (N'22', N'6');";"INSERT INTO dbo.InstructionMachine (InstructionsInstructionID, MachinesMachineID) VALUES (N'22', N'6');"
22;7;"INSERT INTO dbo.InstructionMachine (InstructionsInstructionID, MachinesMachineID) VALUES (N'22', N'7');";"INSERT INTO dbo.InstructionMachine (InstructionsInstructionID, MachinesMachineID) VALUES (N'22', N'7');"
22;3;"INSERT INTO dbo.InstructionMachine (InstructionsInstructionID, MachinesMachineID) VALUES (N'22', N'3');";"INSERT INTO dbo.InstructionMachine (InstructionsInstructionID, MachinesMachineID) VALUES (N'22', N'3');"
22;4;"INSERT INTO dbo.InstructionMachine (InstructionsInstructionID, MachinesMachineID) VALUES (N'22', N'4');";"INSERT INTO dbo.InstructionMachine (InstructionsInstructionID, MachinesMachineID) VALUES (N'22', N'4');"
23;7;"INSERT INTO dbo.InstructionMachine (InstructionsInstructionID, MachinesMachineID) VALUES (N'23', N'7');";"INSERT INTO dbo.InstructionMachine (InstructionsInstructionID, MachinesMachineID) VALUES (N'23', N'7');"
23;3;"INSERT INTO dbo.InstructionMachine (InstructionsInstructionID, MachinesMachineID) VALUES (N'23', N'3');";"INSERT INTO dbo.InstructionMachine (InstructionsInstructionID, MachinesMachineID) VALUES (N'23', N'3');"
23;4;"INSERT INTO dbo.InstructionMachine (InstructionsInstructionID, MachinesMachineID) VALUES (N'23', N'4');";"INSERT INTO dbo.InstructionMachine (InstructionsInstructionID, MachinesMachineID) VALUES (N'23', N'4');"
24;5;"INSERT INTO dbo.InstructionMachine (InstructionsInstructionID, MachinesMachineID) VALUES (N'24', N'5');";"INSERT INTO dbo.InstructionMachine (InstructionsInstructionID, MachinesMachineID) VALUES (N'24', N'5');"
24;6;"INSERT INTO dbo.InstructionMachine (InstructionsInstructionID, MachinesMachineID) VALUES (N'24', N'6');";"INSERT INTO dbo.InstructionMachine (InstructionsInstructionID, MachinesMachineID) VALUES (N'24', N'6');"
24;7;"INSERT INTO dbo.InstructionMachine (InstructionsInstructionID, MachinesMachineID) VALUES (N'24', N'7');";"INSERT INTO dbo.InstructionMachine (InstructionsInstructionID, MachinesMachineID) VALUES (N'24', N'7');"
24;3;"INSERT INTO dbo.InstructionMachine (InstructionsInstructionID, MachinesMachineID) VALUES (N'24', N'3');";"INSERT INTO dbo.InstructionMachine (InstructionsInstructionID, MachinesMachineID) VALUES (N'24', N'3');"
24;4;"INSERT INTO dbo.InstructionMachine (InstructionsInstructionID, MachinesMachineID) VALUES (N'24', N'4');";"INSERT INTO dbo.InstructionMachine (InstructionsInstructionID, MachinesMachineID) VALUES (N'24', N'4');"
25;5;"INSERT INTO dbo.InstructionMachine (InstructionsInstructionID, MachinesMachineID) VALUES (N'25', N'5');";"INSERT INTO dbo.InstructionMachine (InstructionsInstructionID, MachinesMachineID) VALUES (N'25', N'5');"
25;6;"INSERT INTO dbo.InstructionMachine (InstructionsInstructionID, MachinesMachineID) VALUES (N'25', N'6');";"INSERT INTO dbo.InstructionMachine (InstructionsInstructionID, MachinesMachineID) VALUES (N'25', N'6');"
25;7;"INSERT INTO dbo.InstructionMachine (InstructionsInstructionID, MachinesMachineID) VALUES (N'25', N'7');";"INSERT INTO dbo.InstructionMachine (InstructionsInstructionID, MachinesMachineID) VALUES (N'25', N'7');"
25;3;"INSERT INTO dbo.InstructionMachine (InstructionsInstructionID, MachinesMachineID) VALUES (N'25', N'3');";"INSERT INTO dbo.InstructionMachine (InstructionsInstructionID, MachinesMachineID) VALUES (N'25', N'3');"
25;4;"INSERT INTO dbo.InstructionMachine (InstructionsInstructionID, MachinesMachineID) VALUES (N'25', N'4');";"INSERT INTO dbo.InstructionMachine (InstructionsInstructionID, MachinesMachineID) VALUES (N'25', N'4');"
26;7;"INSERT INTO dbo.InstructionMachine (InstructionsInstructionID, MachinesMachineID) VALUES (N'26', N'7');";"INSERT INTO dbo.InstructionMachine (InstructionsInstructionID, MachinesMachineID) VALUES (N'26', N'7');"
26;3;"INSERT INTO dbo.InstructionMachine (InstructionsInstructionID, MachinesMachineID) VALUES (N'26', N'3');";"INSERT INTO dbo.InstructionMachine (InstructionsInstructionID, MachinesMachineID) VALUES (N'26', N'3');"
26;4;"INSERT INTO dbo.InstructionMachine (InstructionsInstructionID, MachinesMachineID) VALUES (N'26', N'4');";"INSERT INTO dbo.InstructionMachine (InstructionsInstructionID, MachinesMachineID) VALUES (N'26', N'4');"
26;5;"INSERT INTO dbo.InstructionMachine (InstructionsInstructionID, MachinesMachineID) VALUES (N'26', N'5');";"INSERT INTO dbo.InstructionMachine (InstructionsInstructionID, MachinesMachineID) VALUES (N'26', N'5');"
27;6;"INSERT INTO dbo.InstructionMachine (InstructionsInstructionID, MachinesMachineID) VALUES (N'27', N'6');";"INSERT INTO dbo.InstructionMachine (InstructionsInstructionID, MachinesMachineID) VALUES (N'27', N'6');"
27;7;"INSERT INTO dbo.InstructionMachine (InstructionsInstructionID, MachinesMachineID) VALUES (N'27', N'7');";"INSERT INTO dbo.InstructionMachine (InstructionsInstructionID, MachinesMachineID) VALUES (N'27', N'7');"
27;3;"INSERT INTO dbo.InstructionMachine (InstructionsInstructionID, MachinesMachineID) VALUES (N'27', N'3');";"INSERT INTO dbo.InstructionMachine (InstructionsInstructionID, MachinesMachineID) VALUES (N'27', N'3');"
27;4;"INSERT INTO dbo.InstructionMachine (InstructionsInstructionID, MachinesMachineID) VALUES (N'27', N'4');";"INSERT INTO dbo.InstructionMachine (InstructionsInstructionID, MachinesMachineID) VALUES (N'27', N'4');"
27;5;"INSERT INTO dbo.InstructionMachine (InstructionsInstructionID, MachinesMachineID) VALUES (N'27', N'5');";"INSERT INTO dbo.InstructionMachine (InstructionsInstructionID, MachinesMachineID) VALUES (N'27', N'5');"
28;3;"INSERT INTO dbo.InstructionMachine (InstructionsInstructionID, MachinesMachineID) VALUES (N'28', N'3');";"INSERT INTO dbo.InstructionMachine (InstructionsInstructionID, MachinesMachineID) VALUES (N'28', N'3');"
29;4;"INSERT INTO dbo.InstructionMachine (InstructionsInstructionID, MachinesMachineID) VALUES (N'29', N'4');";"INSERT INTO dbo.InstructionMachine (InstructionsInstructionID, MachinesMachineID) VALUES (N'29', N'4');"
29;5;"INSERT INTO dbo.InstructionMachine (InstructionsInstructionID, MachinesMachineID) VALUES (N'29', N'5');";"INSERT INTO dbo.InstructionMachine (InstructionsInstructionID, MachinesMachineID) VALUES (N'29', N'5');"
29;6;"INSERT INTO dbo.InstructionMachine (InstructionsInstructionID, MachinesMachineID) VALUES (N'29', N'6');";"INSERT INTO dbo.InstructionMachine (InstructionsInstructionID, MachinesMachineID) VALUES (N'29', N'6');"
29;7;"INSERT INTO dbo.InstructionMachine (InstructionsInstructionID, MachinesMachineID) VALUES (N'29', N'7');";"INSERT INTO dbo.InstructionMachine (InstructionsInstructionID, MachinesMachineID) VALUES (N'29', N'7');"
29;3;"INSERT INTO dbo.InstructionMachine (InstructionsInstructionID, MachinesMachineID) VALUES (N'29', N'3');";"INSERT INTO dbo.InstructionMachine (InstructionsInstructionID, MachinesMachineID) VALUES (N'29', N'3');"
30;5;"INSERT INTO dbo.InstructionMachine (InstructionsInstructionID, MachinesMachineID) VALUES (N'30', N'5');";"INSERT INTO dbo.InstructionMachine (InstructionsInstructionID, MachinesMachineID) VALUES (N'30', N'5');"
31;6;"INSERT INTO dbo.InstructionMachine (InstructionsInstructionID, MachinesMachineID) VALUES (N'31', N'6');";"INSERT INTO dbo.InstructionMachine (InstructionsInstructionID, MachinesMachineID) VALUES (N'31', N'6');"
32;7;"INSERT INTO dbo.InstructionMachine (InstructionsInstructionID, MachinesMachineID) VALUES (N'32', N'7');";"INSERT INTO dbo.InstructionMachine (InstructionsInstructionID, MachinesMachineID) VALUES (N'32', N'7');"
32;3;"INSERT INTO dbo.InstructionMachine (InstructionsInstructionID, MachinesMachineID) VALUES (N'32', N'3');";"INSERT INTO dbo.InstructionMachine (InstructionsInstructionID, MachinesMachineID) VALUES (N'32', N'3');"
33;4;"INSERT INTO dbo.InstructionMachine (InstructionsInstructionID, MachinesMachineID) VALUES (N'33', N'4');";"INSERT INTO dbo.InstructionMachine (InstructionsInstructionID, MachinesMachineID) VALUES (N'33', N'4');"
33;5;"INSERT INTO dbo.InstructionMachine (InstructionsInstructionID, MachinesMachineID) VALUES (N'33', N'5');";"INSERT INTO dbo.InstructionMachine (InstructionsInstructionID, MachinesMachineID) VALUES (N'33', N'5');"
34;6;"INSERT INTO dbo.InstructionMachine (InstructionsInstructionID, MachinesMachineID) VALUES (N'34', N'6');";"INSERT INTO dbo.InstructionMachine (InstructionsInstructionID, MachinesMachineID) VALUES (N'34', N'6');"
34;7;"INSERT INTO dbo.InstructionMachine (InstructionsInstructionID, MachinesMachineID) VALUES (N'34', N'7');";"INSERT INTO dbo.InstructionMachine (InstructionsInstructionID, MachinesMachineID) VALUES (N'34', N'7');"
34;3;"INSERT INTO dbo.InstructionMachine (InstructionsInstructionID, MachinesMachineID) VALUES (N'34', N'3');";"INSERT INTO dbo.InstructionMachine (InstructionsInstructionID, MachinesMachineID) VALUES (N'34', N'3');"
35;4;"INSERT INTO dbo.InstructionMachine (InstructionsInstructionID, MachinesMachineID) VALUES (N'35', N'4');";"INSERT INTO dbo.InstructionMachine (InstructionsInstructionID, MachinesMachineID) VALUES (N'35', N'4');"
35;5;"INSERT INTO dbo.InstructionMachine (InstructionsInstructionID, MachinesMachineID) VALUES (N'35', N'5');";"INSERT INTO dbo.InstructionMachine (InstructionsInstructionID, MachinesMachineID) VALUES (N'35', N'5');"
36;6;"INSERT INTO dbo.InstructionMachine (InstructionsInstructionID, MachinesMachineID) VALUES (N'36', N'6');";"INSERT INTO dbo.InstructionMachine (InstructionsInstructionID, MachinesMachineID) VALUES (N'36', N'6');"
36;7;"INSERT INTO dbo.InstructionMachine (InstructionsInstructionID, MachinesMachineID) VALUES (N'36', N'7');";"INSERT INTO dbo.InstructionMachine (InstructionsInstructionID, MachinesMachineID) VALUES (N'36', N'7');"
36;3;"INSERT INTO dbo.InstructionMachine (InstructionsInstructionID, MachinesMachineID) VALUES (N'36', N'3');";"INSERT INTO dbo.InstructionMachine (InstructionsInstructionID, MachinesMachineID) VALUES (N'36', N'3');"
36;4;"INSERT INTO dbo.InstructionMachine (InstructionsInstructionID, MachinesMachineID) VALUES (N'36', N'4');";"INSERT INTO dbo.InstructionMachine (InstructionsInstructionID, MachinesMachineID) VALUES (N'36', N'4');"
36;5;"INSERT INTO dbo.InstructionMachine (InstructionsInstructionID, MachinesMachineID) VALUES (N'36', N'5');";"INSERT INTO dbo.InstructionMachine (InstructionsInstructionID, MachinesMachineID) VALUES (N'36', N'5');"
37;7;"INSERT INTO dbo.InstructionMachine (InstructionsInstructionID, MachinesMachineID) VALUES (N'37', N'7');";"INSERT INTO dbo.InstructionMachine (InstructionsInstructionID, MachinesMachineID) VALUES (N'37', N'7');"
38;3;"INSERT INTO dbo.InstructionMachine (InstructionsInstructionID, MachinesMachineID) VALUES (N'38', N'3');";"INSERT INTO dbo.InstructionMachine (InstructionsInstructionID, MachinesMachineID) VALUES (N'38', N'3');"
38;4;"INSERT INTO dbo.InstructionMachine (InstructionsInstructionID, MachinesMachineID) VALUES (N'38', N'4');";"INSERT INTO dbo.InstructionMachine (InstructionsInstructionID, MachinesMachineID) VALUES (N'38', N'4');"
38;5;"INSERT INTO dbo.InstructionMachine (InstructionsInstructionID, MachinesMachineID) VALUES (N'38', N'5');";"INSERT INTO dbo.InstructionMachine (InstructionsInstructionID, MachinesMachineID) VALUES (N'38', N'5');"
38;6;"INSERT INTO dbo.InstructionMachine (InstructionsInstructionID, MachinesMachineID) VALUES (N'38', N'6');";"INSERT INTO dbo.InstructionMachine (InstructionsInstructionID, MachinesMachineID) VALUES (N'38', N'6');"
38;7;"INSERT INTO dbo.InstructionMachine (InstructionsInstructionID, MachinesMachineID) VALUES (N'38', N'7');";"INSERT INTO dbo.InstructionMachine (InstructionsInstructionID, MachinesMachineID) VALUES (N'38', N'7');"
39;6;"INSERT INTO dbo.InstructionMachine (InstructionsInstructionID, MachinesMachineID) VALUES (N'39', N'6');";"INSERT INTO dbo.InstructionMachine (InstructionsInstructionID, MachinesMachineID) VALUES (N'39', N'6');"
39;7;"INSERT INTO dbo.InstructionMachine (InstructionsInstructionID, MachinesMachineID) VALUES (N'39', N'7');";"INSERT INTO dbo.InstructionMachine (InstructionsInstructionID, MachinesMachineID) VALUES (N'39', N'7');"
39;3;"INSERT INTO dbo.InstructionMachine (InstructionsInstructionID, MachinesMachineID) VALUES (N'39', N'3');";"INSERT INTO dbo.InstructionMachine (InstructionsInstructionID, MachinesMachineID) VALUES (N'39', N'3');"
39;4;"INSERT INTO dbo.InstructionMachine (InstructionsInstructionID, MachinesMachineID) VALUES (N'39', N'4');";"INSERT INTO dbo.InstructionMachine (InstructionsInstructionID, MachinesMachineID) VALUES (N'39', N'4');"
39;5;"INSERT INTO dbo.InstructionMachine (InstructionsInstructionID, MachinesMachineID) VALUES (N'39', N'5');";"INSERT INTO dbo.InstructionMachine (InstructionsInstructionID, MachinesMachineID) VALUES (N'39', N'5');"
40;6;"INSERT INTO dbo.InstructionMachine (InstructionsInstructionID, MachinesMachineID) VALUES (N'40', N'6');";"INSERT INTO dbo.InstructionMachine (InstructionsInstructionID, MachinesMachineID) VALUES (N'40', N'6');"
40;7;"INSERT INTO dbo.InstructionMachine (InstructionsInstructionID, MachinesMachineID) VALUES (N'40', N'7');";"INSERT INTO dbo.InstructionMachine (InstructionsInstructionID, MachinesMachineID) VALUES (N'40', N'7');"
40;3;"INSERT INTO dbo.InstructionMachine (InstructionsInstructionID, MachinesMachineID) VALUES (N'40', N'3');";"INSERT INTO dbo.InstructionMachine (InstructionsInstructionID, MachinesMachineID) VALUES (N'40', N'3');"
40;4;"INSERT INTO dbo.InstructionMachine (InstructionsInstructionID, MachinesMachineID) VALUES (N'40', N'4');";"INSERT INTO dbo.InstructionMachine (InstructionsInstructionID, MachinesMachineID) VALUES (N'40', N'4');"
41;5;"INSERT INTO dbo.InstructionMachine (InstructionsInstructionID, MachinesMachineID) VALUES (N'41', N'5');";"INSERT INTO dbo.InstructionMachine (InstructionsInstructionID, MachinesMachineID) VALUES (N'41', N'5');"
41;6;"INSERT INTO dbo.InstructionMachine (InstructionsInstructionID, MachinesMachineID) VALUES (N'41', N'6');";"INSERT INTO dbo.InstructionMachine (InstructionsInstructionID, MachinesMachineID) VALUES (N'41', N'6');"
41;7;"INSERT INTO dbo.InstructionMachine (InstructionsInstructionID, MachinesMachineID) VALUES (N'41', N'7');";"INSERT INTO dbo.InstructionMachine (InstructionsInstructionID, MachinesMachineID) VALUES (N'41', N'7');"
41;3;"INSERT INTO dbo.InstructionMachine (InstructionsInstructionID, MachinesMachineID) VALUES (N'41', N'3');";"INSERT INTO dbo.InstructionMachine (InstructionsInstructionID, MachinesMachineID) VALUES (N'41', N'3');"
41;4;"INSERT INTO dbo.InstructionMachine (InstructionsInstructionID, MachinesMachineID) VALUES (N'41', N'4');";"INSERT INTO dbo.InstructionMachine (InstructionsInstructionID, MachinesMachineID) VALUES (N'41', N'4');"
42;6;"INSERT INTO dbo.InstructionMachine (InstructionsInstructionID, MachinesMachineID) VALUES (N'42', N'6');";"INSERT INTO dbo.InstructionMachine (InstructionsInstructionID, MachinesMachineID) VALUES (N'42', N'6');"
43;7;"INSERT INTO dbo.InstructionMachine (InstructionsInstructionID, MachinesMachineID) VALUES (N'43', N'7');";"INSERT INTO dbo.InstructionMachine (InstructionsInstructionID, MachinesMachineID) VALUES (N'43', N'7');"
44;3;"INSERT INTO dbo.InstructionMachine (InstructionsInstructionID, MachinesMachineID) VALUES (N'44', N'3');";"INSERT INTO dbo.InstructionMachine (InstructionsInstructionID, MachinesMachineID) VALUES (N'44', N'3');"
44;4;"INSERT INTO dbo.InstructionMachine (InstructionsInstructionID, MachinesMachineID) VALUES (N'44', N'4');";"INSERT INTO dbo.InstructionMachine (InstructionsInstructionID, MachinesMachineID) VALUES (N'44', N'4');"
44;5;"INSERT INTO dbo.InstructionMachine (InstructionsInstructionID, MachinesMachineID) VALUES (N'44', N'5');";"INSERT INTO dbo.InstructionMachine (InstructionsInstructionID, MachinesMachineID) VALUES (N'44', N'5');"
45;6;"INSERT INTO dbo.InstructionMachine (InstructionsInstructionID, MachinesMachineID) VALUES (N'45', N'6');";"INSERT INTO dbo.InstructionMachine (InstructionsInstructionID, MachinesMachineID) VALUES (N'45', N'6');"
46;7;"INSERT INTO dbo.InstructionMachine (InstructionsInstructionID, MachinesMachineID) VALUES (N'46', N'7');";"INSERT INTO dbo.InstructionMachine (InstructionsInstructionID, MachinesMachineID) VALUES (N'46', N'7');"
46;3;"INSERT INTO dbo.InstructionMachine (InstructionsInstructionID, MachinesMachineID) VALUES (N'46', N'3');";"INSERT INTO dbo.InstructionMachine (InstructionsInstructionID, MachinesMachineID) VALUES (N'46', N'3');"
46;4;"INSERT INTO dbo.InstructionMachine (InstructionsInstructionID, MachinesMachineID) VALUES (N'46', N'4');";"INSERT INTO dbo.InstructionMachine (InstructionsInstructionID, MachinesMachineID) VALUES (N'46', N'4');"
46;5;"INSERT INTO dbo.InstructionMachine (InstructionsInstructionID, MachinesMachineID) VALUES (N'46', N'5');";"INSERT INTO dbo.InstructionMachine (InstructionsInstructionID, MachinesMachineID) VALUES (N'46', N'5');"
46;6;"INSERT INTO dbo.InstructionMachine (InstructionsInstructionID, MachinesMachineID) VALUES (N'46', N'6');";"INSERT INTO dbo.InstructionMachine (InstructionsInstructionID, MachinesMachineID) VALUES (N'46', N'6');"
47;5;"INSERT INTO dbo.InstructionMachine (InstructionsInstructionID, MachinesMachineID) VALUES (N'47', N'5');";"INSERT INTO dbo.InstructionMachine (InstructionsInstructionID, MachinesMachineID) VALUES (N'47', N'5');"
48;6;"INSERT INTO dbo.InstructionMachine (InstructionsInstructionID, MachinesMachineID) VALUES (N'48', N'6');";"INSERT INTO dbo.InstructionMachine (InstructionsInstructionID, MachinesMachineID) VALUES (N'48', N'6');"
48;7;"INSERT INTO dbo.InstructionMachine (InstructionsInstructionID, MachinesMachineID) VALUES (N'48', N'7');";"INSERT INTO dbo.InstructionMachine (InstructionsInstructionID, MachinesMachineID) VALUES (N'48', N'7');"
49;3;"INSERT INTO dbo.InstructionMachine (InstructionsInstructionID, MachinesMachineID) VALUES (N'49', N'3');";"INSERT INTO dbo.InstructionMachine (InstructionsInstructionID, MachinesMachineID) VALUES (N'49', N'3');"
49;4;"INSERT INTO dbo.InstructionMachine (InstructionsInstructionID, MachinesMachineID) VALUES (N'49', N'4');";"INSERT INTO dbo.InstructionMachine (InstructionsInstructionID, MachinesMachineID) VALUES (N'49', N'4');"
49;5;"INSERT INTO dbo.InstructionMachine (InstructionsInstructionID, MachinesMachineID) VALUES (N'49', N'5');";"INSERT INTO dbo.InstructionMachine (InstructionsInstructionID, MachinesMachineID) VALUES (N'49', N'5');"
50;6;"INSERT INTO dbo.InstructionMachine (InstructionsInstructionID, MachinesMachineID) VALUES (N'50', N'6');";"INSERT INTO dbo.InstructionMachine (InstructionsInstructionID, MachinesMachineID) VALUES (N'50', N'6');"
50;7;"INSERT INTO dbo.InstructionMachine (InstructionsInstructionID, MachinesMachineID) VALUES (N'50', N'7');";"INSERT INTO dbo.InstructionMachine (InstructionsInstructionID, MachinesMachineID) VALUES (N'50', N'7');"
50;3;"INSERT INTO dbo.InstructionMachine (InstructionsInstructionID, MachinesMachineID) VALUES (N'50', N'3');";"INSERT INTO dbo.InstructionMachine (InstructionsInstructionID, MachinesMachineID) VALUES (N'50', N'3');"
51;4;"INSERT INTO dbo.InstructionMachine (InstructionsInstructionID, MachinesMachineID) VALUES (N'51', N'4');";"INSERT INTO dbo.InstructionMachine (InstructionsInstructionID, MachinesMachineID) VALUES (N'51', N'4');"
51;5;"INSERT INTO dbo.InstructionMachine (InstructionsInstructionID, MachinesMachineID) VALUES (N'51', N'5');";"INSERT INTO dbo.InstructionMachine (InstructionsInstructionID, MachinesMachineID) VALUES (N'51', N'5');"
52;6;"INSERT INTO dbo.InstructionMachine (InstructionsInstructionID, MachinesMachineID) VALUES (N'52', N'6');";"INSERT INTO dbo.InstructionMachine (InstructionsInstructionID, MachinesMachineID) VALUES (N'52', N'6');"
53;7;"INSERT INTO dbo.InstructionMachine (InstructionsInstructionID, MachinesMachineID) VALUES (N'53', N'7');";"INSERT INTO dbo.InstructionMachine (InstructionsInstructionID, MachinesMachineID) VALUES (N'53', N'7');"
54;5;"INSERT INTO dbo.InstructionMachine (InstructionsInstructionID, MachinesMachineID) VALUES (N'54', N'5');";"INSERT INTO dbo.InstructionMachine (InstructionsInstructionID, MachinesMachineID) VALUES (N'54', N'5');"
54;6;"INSERT INTO dbo.InstructionMachine (InstructionsInstructionID, MachinesMachineID) VALUES (N'54', N'6');";"INSERT INTO dbo.InstructionMachine (InstructionsInstructionID, MachinesMachineID) VALUES (N'54', N'6');"
54;7;"INSERT INTO dbo.InstructionMachine (InstructionsInstructionID, MachinesMachineID) VALUES (N'54', N'7');";"INSERT INTO dbo.InstructionMachine (InstructionsInstructionID, MachinesMachineID) VALUES (N'54', N'7');"
54;3;"INSERT INTO dbo.InstructionMachine (InstructionsInstructionID, MachinesMachineID) VALUES (N'54', N'3');";"INSERT INTO dbo.InstructionMachine (InstructionsInstructionID, MachinesMachineID) VALUES (N'54', N'3');"
54;4;"INSERT INTO dbo.InstructionMachine (InstructionsInstructionID, MachinesMachineID) VALUES (N'54', N'4');";"INSERT INTO dbo.InstructionMachine (InstructionsInstructionID, MachinesMachineID) VALUES (N'54', N'4');"
55;5;"INSERT INTO dbo.InstructionMachine (InstructionsInstructionID, MachinesMachineID) VALUES (N'55', N'5');";"INSERT INTO dbo.InstructionMachine (InstructionsInstructionID, MachinesMachineID) VALUES (N'55', N'5');"
55;6;"INSERT INTO dbo.InstructionMachine (InstructionsInstructionID, MachinesMachineID) VALUES (N'55', N'6');";"INSERT INTO dbo.InstructionMachine (InstructionsInstructionID, MachinesMachineID) VALUES (N'55', N'6');"
55;7;"INSERT INTO dbo.InstructionMachine (InstructionsInstructionID, MachinesMachineID) VALUES (N'55', N'7');";"INSERT INTO dbo.InstructionMachine (InstructionsInstructionID, MachinesMachineID) VALUES (N'55', N'7');"
56;3;"INSERT INTO dbo.InstructionMachine (InstructionsInstructionID, MachinesMachineID) VALUES (N'56', N'3');";"INSERT INTO dbo.InstructionMachine (InstructionsInstructionID, MachinesMachineID) VALUES (N'56', N'3');"
56;4;"INSERT INTO dbo.InstructionMachine (InstructionsInstructionID, MachinesMachineID) VALUES (N'56', N'4');";"INSERT INTO dbo.InstructionMachine (InstructionsInstructionID, MachinesMachineID) VALUES (N'56', N'4');"
56;5;"INSERT INTO dbo.InstructionMachine (InstructionsInstructionID, MachinesMachineID) VALUES (N'56', N'5');";"INSERT INTO dbo.InstructionMachine (InstructionsInstructionID, MachinesMachineID) VALUES (N'56', N'5');"
56;6;"INSERT INTO dbo.InstructionMachine (InstructionsInstructionID, MachinesMachineID) VALUES (N'56', N'6');";"INSERT INTO dbo.InstructionMachine (InstructionsInstructionID, MachinesMachineID) VALUES (N'56', N'6');"
56;7;"INSERT INTO dbo.InstructionMachine (InstructionsInstructionID, MachinesMachineID) VALUES (N'56', N'7');";"INSERT INTO dbo.InstructionMachine (InstructionsInstructionID, MachinesMachineID) VALUES (N'56', N'7');"
57;5;"INSERT INTO dbo.InstructionMachine (InstructionsInstructionID, MachinesMachineID) VALUES (N'57', N'5');";"INSERT INTO dbo.InstructionMachine (InstructionsInstructionID, MachinesMachineID) VALUES (N'57', N'5');"
57;6;"INSERT INTO dbo.InstructionMachine (InstructionsInstructionID, MachinesMachineID) VALUES (N'57', N'6');";"INSERT INTO dbo.InstructionMachine (InstructionsInstructionID, MachinesMachineID) VALUES (N'57', N'6');"
57;7;"INSERT INTO dbo.InstructionMachine (InstructionsInstructionID, MachinesMachineID) VALUES (N'57', N'7');";"INSERT INTO dbo.InstructionMachine (InstructionsInstructionID, MachinesMachineID) VALUES (N'57', N'7');"
57;3;"INSERT INTO dbo.InstructionMachine (InstructionsInstructionID, MachinesMachineID) VALUES (N'57', N'3');";"INSERT INTO dbo.InstructionMachine (InstructionsInstructionID, MachinesMachineID) VALUES (N'57', N'3');"
57;4;"INSERT INTO dbo.InstructionMachine (InstructionsInstructionID, MachinesMachineID) VALUES (N'57', N'4');";"INSERT INTO dbo.InstructionMachine (InstructionsInstructionID, MachinesMachineID) VALUES (N'57', N'4');"
58;3;"INSERT INTO dbo.InstructionMachine (InstructionsInstructionID, MachinesMachineID) VALUES (N'58', N'3');";"INSERT INTO dbo.InstructionMachine (InstructionsInstructionID, MachinesMachineID) VALUES (N'58', N'3');"
58;4;"INSERT INTO dbo.InstructionMachine (InstructionsInstructionID, MachinesMachineID) VALUES (N'58', N'4');";"INSERT INTO dbo.InstructionMachine (InstructionsInstructionID, MachinesMachineID) VALUES (N'58', N'4');"
58;5;"INSERT INTO dbo.InstructionMachine (InstructionsInstructionID, MachinesMachineID) VALUES (N'58', N'5');";"INSERT INTO dbo.InstructionMachine (InstructionsInstructionID, MachinesMachineID) VALUES (N'58', N'5');"
58;6;"INSERT INTO dbo.InstructionMachine (InstructionsInstructionID, MachinesMachineID) VALUES (N'58', N'6');";"INSERT INTO dbo.InstructionMachine (InstructionsInstructionID, MachinesMachineID) VALUES (N'58', N'6');"
58;7;"INSERT INTO dbo.InstructionMachine (InstructionsInstructionID, MachinesMachineID) VALUES (N'58', N'7');";"INSERT INTO dbo.InstructionMachine (InstructionsInstructionID, MachinesMachineID) VALUES (N'58', N'7');"
59;3;"INSERT INTO dbo.InstructionMachine (InstructionsInstructionID, MachinesMachineID) VALUES (N'59', N'3');";"INSERT INTO dbo.InstructionMachine (InstructionsInstructionID, MachinesMachineID) VALUES (N'59', N'3');"
59;4;"INSERT INTO dbo.InstructionMachine (InstructionsInstructionID, MachinesMachineID) VALUES (N'59', N'4');";"INSERT INTO dbo.InstructionMachine (InstructionsInstructionID, MachinesMachineID) VALUES (N'59', N'4');"
59;5;"INSERT INTO dbo.InstructionMachine (InstructionsInstructionID, MachinesMachineID) VALUES (N'59', N'5');";"INSERT INTO dbo.InstructionMachine (InstructionsInstructionID, MachinesMachineID) VALUES (N'59', N'5');"
59;6;"INSERT INTO dbo.InstructionMachine (InstructionsInstructionID, MachinesMachineID) VALUES (N'59', N'6');";"INSERT INTO dbo.InstructionMachine (InstructionsInstructionID, MachinesMachineID) VALUES (N'59', N'6');"
59;7;"INSERT INTO dbo.InstructionMachine (InstructionsInstructionID, MachinesMachineID) VALUES (N'59', N'7');";"INSERT INTO dbo.InstructionMachine (InstructionsInstructionID, MachinesMachineID) VALUES (N'59', N'7');"
60;5;"INSERT INTO dbo.InstructionMachine (InstructionsInstructionID, MachinesMachineID) VALUES (N'60', N'5');";"INSERT INTO dbo.InstructionMachine (InstructionsInstructionID, MachinesMachineID) VALUES (N'60', N'5');"
60;6;"INSERT INTO dbo.InstructionMachine (InstructionsInstructionID, MachinesMachineID) VALUES (N'60', N'6');";"INSERT INTO dbo.InstructionMachine (InstructionsInstructionID, MachinesMachineID) VALUES (N'60', N'6');"
60;7;"INSERT INTO dbo.InstructionMachine (InstructionsInstructionID, MachinesMachineID) VALUES (N'60', N'7');";"INSERT INTO dbo.InstructionMachine (InstructionsInstructionID, MachinesMachineID) VALUES (N'60', N'7');"
60;3;"INSERT INTO dbo.InstructionMachine (InstructionsInstructionID, MachinesMachineID) VALUES (N'60', N'3');";"INSERT INTO dbo.InstructionMachine (InstructionsInstructionID, MachinesMachineID) VALUES (N'60', N'3');"
60;4;"INSERT INTO dbo.InstructionMachine (InstructionsInstructionID, MachinesMachineID) VALUES (N'60', N'4');";"INSERT INTO dbo.InstructionMachine (InstructionsInstructionID, MachinesMachineID) VALUES (N'60', N'4');"
61;5;"INSERT INTO dbo.InstructionMachine (InstructionsInstructionID, MachinesMachineID) VALUES (N'61', N'5');";"INSERT INTO dbo.InstructionMachine (InstructionsInstructionID, MachinesMachineID) VALUES (N'61', N'5');"
61;6;"INSERT INTO dbo.InstructionMachine (InstructionsInstructionID, MachinesMachineID) VALUES (N'61', N'6');";"INSERT INTO dbo.InstructionMachine (InstructionsInstructionID, MachinesMachineID) VALUES (N'61', N'6');"
61;7;"INSERT INTO dbo.InstructionMachine (InstructionsInstructionID, MachinesMachineID) VALUES (N'61', N'7');";"INSERT INTO dbo.InstructionMachine (InstructionsInstructionID, MachinesMachineID) VALUES (N'61', N'7');"
61;3;"INSERT INTO dbo.InstructionMachine (InstructionsInstructionID, MachinesMachineID) VALUES (N'61', N'3');";"INSERT INTO dbo.InstructionMachine (InstructionsInstructionID, MachinesMachineID) VALUES (N'61', N'3');"
61;4;"INSERT INTO dbo.InstructionMachine (InstructionsInstructionID, MachinesMachineID) VALUES (N'61', N'4');";"INSERT INTO dbo.InstructionMachine (InstructionsInstructionID, MachinesMachineID) VALUES (N'61', N'4');"
62;5;"INSERT INTO dbo.InstructionMachine (InstructionsInstructionID, MachinesMachineID) VALUES (N'62', N'5');";"INSERT INTO dbo.InstructionMachine (InstructionsInstructionID, MachinesMachineID) VALUES (N'62', N'5');"
62;3;"INSERT INTO dbo.InstructionMachine (InstructionsInstructionID, MachinesMachineID) VALUES (N'62', N'3');";"INSERT INTO dbo.InstructionMachine (InstructionsInstructionID, MachinesMachineID) VALUES (N'62', N'3');"
62;4;"INSERT INTO dbo.InstructionMachine (InstructionsInstructionID, MachinesMachineID) VALUES (N'62', N'4');";"INSERT INTO dbo.InstructionMachine (InstructionsInstructionID, MachinesMachineID) VALUES (N'62', N'4');"
62;7;"INSERT INTO dbo.InstructionMachine (InstructionsInstructionID, MachinesMachineID) VALUES (N'62', N'7');";"INSERT INTO dbo.InstructionMachine (InstructionsInstructionID, MachinesMachineID) VALUES (N'62', N'7');"
63;4;"INSERT INTO dbo.InstructionMachine (InstructionsInstructionID, MachinesMachineID) VALUES (N'63', N'4');";"INSERT INTO dbo.InstructionMachine (InstructionsInstructionID, MachinesMachineID) VALUES (N'63', N'4');"
63;5;"INSERT INTO dbo.InstructionMachine (InstructionsInstructionID, MachinesMachineID) VALUES (N'63', N'5');";"INSERT INTO dbo.InstructionMachine (InstructionsInstructionID, MachinesMachineID) VALUES (N'63', N'5');"
63;7;"INSERT INTO dbo.InstructionMachine (InstructionsInstructionID, MachinesMachineID) VALUES (N'63', N'7');";"INSERT INTO dbo.InstructionMachine (InstructionsInstructionID, MachinesMachineID) VALUES (N'63', N'7');"
63;6;"INSERT INTO dbo.InstructionMachine (InstructionsInstructionID, MachinesMachineID) VALUES (N'63', N'6');";"INSERT INTO dbo.InstructionMachine (InstructionsInstructionID, MachinesMachineID) VALUES (N'63', N'6');"
63;9;"INSERT INTO dbo.InstructionMachine (InstructionsInstructionID, MachinesMachineID) VALUES (N'63', N'9');";"INSERT INTO dbo.InstructionMachine (InstructionsInstructionID, MachinesMachineID) VALUES (N'63', N'9');"
63;3;"INSERT INTO dbo.InstructionMachine (InstructionsInstructionID, MachinesMachineID) VALUES (N'63', N'3');";"INSERT INTO dbo.InstructionMachine (InstructionsInstructionID, MachinesMachineID) VALUES (N'63', N'3');"
64;4;"INSERT INTO dbo.InstructionMachine (InstructionsInstructionID, MachinesMachineID) VALUES (N'64', N'4');";"INSERT INTO dbo.InstructionMachine (InstructionsInstructionID, MachinesMachineID) VALUES (N'64', N'4');"
64;5;"INSERT INTO dbo.InstructionMachine (InstructionsInstructionID, MachinesMachineID) VALUES (N'64', N'5');";"INSERT INTO dbo.InstructionMachine (InstructionsInstructionID, MachinesMachineID) VALUES (N'64', N'5');"
64;6;"INSERT INTO dbo.InstructionMachine (InstructionsInstructionID, MachinesMachineID) VALUES (N'64', N'6');";"INSERT INTO dbo.InstructionMachine (InstructionsInstructionID, MachinesMachineID) VALUES (N'64', N'6');"
64;7;"INSERT INTO dbo.InstructionMachine (InstructionsInstructionID, MachinesMachineID) VALUES (N'64', N'7');";"INSERT INTO dbo.InstructionMachine (InstructionsInstructionID, MachinesMachineID) VALUES (N'64', N'7');"
64;3;"INSERT INTO dbo.InstructionMachine (InstructionsInstructionID, MachinesMachineID) VALUES (N'64', N'3');";"INSERT INTO dbo.InstructionMachine (InstructionsInstructionID, MachinesMachineID) VALUES (N'64', N'3');"
65;3;"INSERT INTO dbo.InstructionMachine (InstructionsInstructionID, MachinesMachineID) VALUES (N'65', N'3');";"INSERT INTO dbo.InstructionMachine (InstructionsInstructionID, MachinesMachineID) VALUES (N'65', N'3');"
65;4;"INSERT INTO dbo.InstructionMachine (InstructionsInstructionID, MachinesMachineID) VALUES (N'65', N'4');";"INSERT INTO dbo.InstructionMachine (InstructionsInstructionID, MachinesMachineID) VALUES (N'65', N'4');"
65;5;"INSERT INTO dbo.InstructionMachine (InstructionsInstructionID, MachinesMachineID) VALUES (N'65', N'5');";"INSERT INTO dbo.InstructionMachine (InstructionsInstructionID, MachinesMachineID) VALUES (N'65', N'5');"
65;7;"INSERT INTO dbo.InstructionMachine (InstructionsInstructionID, MachinesMachineID) VALUES (N'65', N'7');";"INSERT INTO dbo.InstructionMachine (InstructionsInstructionID, MachinesMachineID) VALUES (N'65', N'7');"
66;5;"INSERT INTO dbo.InstructionMachine (InstructionsInstructionID, MachinesMachineID) VALUES (N'66', N'5');";"INSERT INTO dbo.InstructionMachine (InstructionsInstructionID, MachinesMachineID) VALUES (N'66', N'5');"
66;6;"INSERT INTO dbo.InstructionMachine (InstructionsInstructionID, MachinesMachineID) VALUES (N'66', N'6');";"INSERT INTO dbo.InstructionMachine (InstructionsInstructionID, MachinesMachineID) VALUES (N'66', N'6');"
66;7;"INSERT INTO dbo.InstructionMachine (InstructionsInstructionID, MachinesMachineID) VALUES (N'66', N'7');";"INSERT INTO dbo.InstructionMachine (InstructionsInstructionID, MachinesMachineID) VALUES (N'66', N'7');"
66;3;"INSERT INTO dbo.InstructionMachine (InstructionsInstructionID, MachinesMachineID) VALUES (N'66', N'3');";"INSERT INTO dbo.InstructionMachine (InstructionsInstructionID, MachinesMachineID) VALUES (N'66', N'3');"
66;4;"INSERT INTO dbo.InstructionMachine (InstructionsInstructionID, MachinesMachineID) VALUES (N'66', N'4');";"INSERT INTO dbo.InstructionMachine (InstructionsInstructionID, MachinesMachineID) VALUES (N'66', N'4');"
67;9;"INSERT INTO dbo.InstructionMachine (InstructionsInstructionID, MachinesMachineID) VALUES (N'67', N'9');";"INSERT INTO dbo.InstructionMachine (InstructionsInstructionID, MachinesMachineID) VALUES (N'67', N'9');"
67;3;"INSERT INTO dbo.InstructionMachine (InstructionsInstructionID, MachinesMachineID) VALUES (N'67', N'3');";"INSERT INTO dbo.InstructionMachine (InstructionsInstructionID, MachinesMachineID) VALUES (N'67', N'3');"
67;4;"INSERT INTO dbo.InstructionMachine (InstructionsInstructionID, MachinesMachineID) VALUES (N'67', N'4');";"INSERT INTO dbo.InstructionMachine (InstructionsInstructionID, MachinesMachineID) VALUES (N'67', N'4');"
67;5;"INSERT INTO dbo.InstructionMachine (InstructionsInstructionID, MachinesMachineID) VALUES (N'67', N'5');";"INSERT INTO dbo.InstructionMachine (InstructionsInstructionID, MachinesMachineID) VALUES (N'67', N'5');"
67;7;"INSERT INTO dbo.InstructionMachine (InstructionsInstructionID, MachinesMachineID) VALUES (N'67', N'7');";"INSERT INTO dbo.InstructionMachine (InstructionsInstructionID, MachinesMachineID) VALUES (N'67', N'7');"
68;3;"INSERT INTO dbo.InstructionMachine (InstructionsInstructionID, MachinesMachineID) VALUES (N'68', N'3');";"INSERT INTO dbo.InstructionMachine (InstructionsInstructionID, MachinesMachineID) VALUES (N'68', N'3');"
68;4;"INSERT INTO dbo.InstructionMachine (InstructionsInstructionID, MachinesMachineID) VALUES (N'68', N'4');";"INSERT INTO dbo.InstructionMachine (InstructionsInstructionID, MachinesMachineID) VALUES (N'68', N'4');"
68;5;"INSERT INTO dbo.InstructionMachine (InstructionsInstructionID, MachinesMachineID) VALUES (N'68', N'5');";"INSERT INTO dbo.InstructionMachine (InstructionsInstructionID, MachinesMachineID) VALUES (N'68', N'5');"
68;7;"INSERT INTO dbo.InstructionMachine (InstructionsInstructionID, MachinesMachineID) VALUES (N'68', N'7');";"INSERT INTO dbo.InstructionMachine (InstructionsInstructionID, MachinesMachineID) VALUES (N'68', N'7');"
69;9;"INSERT INTO dbo.InstructionMachine (InstructionsInstructionID, MachinesMachineID) VALUES (N'69', N'9');";"INSERT INTO dbo.InstructionMachine (InstructionsInstructionID, MachinesMachineID) VALUES (N'69', N'9');"
69;3;"INSERT INTO dbo.InstructionMachine (InstructionsInstructionID, MachinesMachineID) VALUES (N'69', N'3');";"INSERT INTO dbo.InstructionMachine (InstructionsInstructionID, MachinesMachineID) VALUES (N'69', N'3');"
69;4;"INSERT INTO dbo.InstructionMachine (InstructionsInstructionID, MachinesMachineID) VALUES (N'69', N'4');";"INSERT INTO dbo.InstructionMachine (InstructionsInstructionID, MachinesMachineID) VALUES (N'69', N'4');"
69;5;"INSERT INTO dbo.InstructionMachine (InstructionsInstructionID, MachinesMachineID) VALUES (N'69', N'5');";"INSERT INTO dbo.InstructionMachine (InstructionsInstructionID, MachinesMachineID) VALUES (N'69', N'5');"
69;7;"INSERT INTO dbo.InstructionMachine (InstructionsInstructionID, MachinesMachineID) VALUES (N'69', N'7');";"INSERT INTO dbo.InstructionMachine (InstructionsInstructionID, MachinesMachineID) VALUES (N'69', N'7');"
70;3;"INSERT INTO dbo.InstructionMachine (InstructionsInstructionID, MachinesMachineID) VALUES (N'70', N'3');";"INSERT INTO dbo.InstructionMachine (InstructionsInstructionID, MachinesMachineID) VALUES (N'70', N'3');"
70;4;"INSERT INTO dbo.InstructionMachine (InstructionsInstructionID, MachinesMachineID) VALUES (N'70', N'4');";"INSERT INTO dbo.InstructionMachine (InstructionsInstructionID, MachinesMachineID) VALUES (N'70', N'4');"
70;5;"INSERT INTO dbo.InstructionMachine (InstructionsInstructionID, MachinesMachineID) VALUES (N'70', N'5');";"INSERT INTO dbo.InstructionMachine (InstructionsInstructionID, MachinesMachineID) VALUES (N'70', N'5');"
70;7;"INSERT INTO dbo.InstructionMachine (InstructionsInstructionID, MachinesMachineID) VALUES (N'70', N'7');";"INSERT INTO dbo.InstructionMachine (InstructionsInstructionID, MachinesMachineID) VALUES (N'70', N'7');"
71;3;"INSERT INTO dbo.InstructionMachine (InstructionsInstructionID, MachinesMachineID) VALUES (N'71', N'3');";"INSERT INTO dbo.InstructionMachine (InstructionsInstructionID, MachinesMachineID) VALUES (N'71', N'3');"
71;4;"INSERT INTO dbo.InstructionMachine (InstructionsInstructionID, MachinesMachineID) VALUES (N'71', N'4');";"INSERT INTO dbo.InstructionMachine (InstructionsInstructionID, MachinesMachineID) VALUES (N'71', N'4');"
71;5;"INSERT INTO dbo.InstructionMachine (InstructionsInstructionID, MachinesMachineID) VALUES (N'71', N'5');";"INSERT INTO dbo.InstructionMachine (InstructionsInstructionID, MachinesMachineID) VALUES (N'71', N'5');"
71;7;"INSERT INTO dbo.InstructionMachine (InstructionsInstructionID, MachinesMachineID) VALUES (N'71', N'7');";"INSERT INTO dbo.InstructionMachine (InstructionsInstructionID, MachinesMachineID) VALUES (N'71', N'7');"
72;3;"INSERT INTO dbo.InstructionMachine (InstructionsInstructionID, MachinesMachineID) VALUES (N'72', N'3');";"INSERT INTO dbo.InstructionMachine (InstructionsInstructionID, MachinesMachineID) VALUES (N'72', N'3');"
72;4;"INSERT INTO dbo.InstructionMachine (InstructionsInstructionID, MachinesMachineID) VALUES (N'72', N'4');";"INSERT INTO dbo.InstructionMachine (InstructionsInstructionID, MachinesMachineID) VALUES (N'72', N'4');"
72;5;"INSERT INTO dbo.InstructionMachine (InstructionsInstructionID, MachinesMachineID) VALUES (N'72', N'5');";"INSERT INTO dbo.InstructionMachine (InstructionsInstructionID, MachinesMachineID) VALUES (N'72', N'5');"
72;7;"INSERT INTO dbo.InstructionMachine (InstructionsInstructionID, MachinesMachineID) VALUES (N'72', N'7');";"INSERT INTO dbo.InstructionMachine (InstructionsInstructionID, MachinesMachineID) VALUES (N'72', N'7');"
73;3;"INSERT INTO dbo.InstructionMachine (InstructionsInstructionID, MachinesMachineID) VALUES (N'73', N'3');";"INSERT INTO dbo.InstructionMachine (InstructionsInstructionID, MachinesMachineID) VALUES (N'73', N'3');"
73;4;"INSERT INTO dbo.InstructionMachine (InstructionsInstructionID, MachinesMachineID) VALUES (N'73', N'4');";"INSERT INTO dbo.InstructionMachine (InstructionsInstructionID, MachinesMachineID) VALUES (N'73', N'4');"
73;5;"INSERT INTO dbo.InstructionMachine (InstructionsInstructionID, MachinesMachineID) VALUES (N'73', N'5');";"INSERT INTO dbo.InstructionMachine (InstructionsInstructionID, MachinesMachineID) VALUES (N'73', N'5');"
73;7;"INSERT INTO dbo.InstructionMachine (InstructionsInstructionID, MachinesMachineID) VALUES (N'73', N'7');";"INSERT INTO dbo.InstructionMachine (InstructionsInstructionID, MachinesMachineID) VALUES (N'73', N'7');"
73;6;"INSERT INTO dbo.InstructionMachine (InstructionsInstructionID, MachinesMachineID) VALUES (N'73', N'6');";"INSERT INTO dbo.InstructionMachine (InstructionsInstructionID, MachinesMachineID) VALUES (N'73', N'6');"
73;9;"INSERT INTO dbo.InstructionMachine (InstructionsInstructionID, MachinesMachineID) VALUES (N'73', N'9');";"INSERT INTO dbo.InstructionMachine (InstructionsInstructionID, MachinesMachineID) VALUES (N'73', N'9');"
74;3;"INSERT INTO dbo.InstructionMachine (InstructionsInstructionID, MachinesMachineID) VALUES (N'74', N'3');";"INSERT INTO dbo.InstructionMachine (InstructionsInstructionID, MachinesMachineID) VALUES (N'74', N'3');"
74;4;"INSERT INTO dbo.InstructionMachine (InstructionsInstructionID, MachinesMachineID) VALUES (N'74', N'4');";"INSERT INTO dbo.InstructionMachine (InstructionsInstructionID, MachinesMachineID) VALUES (N'74', N'4');"
74;5;"INSERT INTO dbo.InstructionMachine (InstructionsInstructionID, MachinesMachineID) VALUES (N'74', N'5');";"INSERT INTO dbo.InstructionMachine (InstructionsInstructionID, MachinesMachineID) VALUES (N'74', N'5');"
74;7;"INSERT INTO dbo.InstructionMachine (InstructionsInstructionID, MachinesMachineID) VALUES (N'74', N'7');";"INSERT INTO dbo.InstructionMachine (InstructionsInstructionID, MachinesMachineID) VALUES (N'74', N'7');"
75;3;"INSERT INTO dbo.InstructionMachine (InstructionsInstructionID, MachinesMachineID) VALUES (N'75', N'3');";"INSERT INTO dbo.InstructionMachine (InstructionsInstructionID, MachinesMachineID) VALUES (N'75', N'3');"
75;4;"INSERT INTO dbo.InstructionMachine (InstructionsInstructionID, MachinesMachineID) VALUES (N'75', N'4');";"INSERT INTO dbo.InstructionMachine (InstructionsInstructionID, MachinesMachineID) VALUES (N'75', N'4');"
75;5;"INSERT INTO dbo.InstructionMachine (InstructionsInstructionID, MachinesMachineID) VALUES (N'75', N'5');";"INSERT INTO dbo.InstructionMachine (InstructionsInstructionID, MachinesMachineID) VALUES (N'75', N'5');"
75;7;"INSERT INTO dbo.InstructionMachine (InstructionsInstructionID, MachinesMachineID) VALUES (N'75', N'7');";"INSERT INTO dbo.InstructionMachine (InstructionsInstructionID, MachinesMachineID) VALUES (N'75', N'7');"
76;3;"INSERT INTO dbo.InstructionMachine (InstructionsInstructionID, MachinesMachineID) VALUES (N'76', N'3');";"INSERT INTO dbo.InstructionMachine (InstructionsInstructionID, MachinesMachineID) VALUES (N'76', N'3');"
76;4;"INSERT INTO dbo.InstructionMachine (InstructionsInstructionID, MachinesMachineID) VALUES (N'76', N'4');";"INSERT INTO dbo.InstructionMachine (InstructionsInstructionID, MachinesMachineID) VALUES (N'76', N'4');"
76;5;"INSERT INTO dbo.InstructionMachine (InstructionsInstructionID, MachinesMachineID) VALUES (N'76', N'5');";"INSERT INTO dbo.InstructionMachine (InstructionsInstructionID, MachinesMachineID) VALUES (N'76', N'5');"
76;7;"INSERT INTO dbo.InstructionMachine (InstructionsInstructionID, MachinesMachineID) VALUES (N'76', N'7');";"INSERT INTO dbo.InstructionMachine (InstructionsInstructionID, MachinesMachineID) VALUES (N'76', N'7');"
77;3;"INSERT INTO dbo.InstructionMachine (InstructionsInstructionID, MachinesMachineID) VALUES (N'77', N'3');";"INSERT INTO dbo.InstructionMachine (InstructionsInstructionID, MachinesMachineID) VALUES (N'77', N'3');"
77;4;"INSERT INTO dbo.InstructionMachine (InstructionsInstructionID, MachinesMachineID) VALUES (N'77', N'4');";"INSERT INTO dbo.InstructionMachine (InstructionsInstructionID, MachinesMachineID) VALUES (N'77', N'4');"
77;5;"INSERT INTO dbo.InstructionMachine (InstructionsInstructionID, MachinesMachineID) VALUES (N'77', N'5');";"INSERT INTO dbo.InstructionMachine (InstructionsInstructionID, MachinesMachineID) VALUES (N'77', N'5');"
77;7;"INSERT INTO dbo.InstructionMachine (InstructionsInstructionID, MachinesMachineID) VALUES (N'77', N'7');";"INSERT INTO dbo.InstructionMachine (InstructionsInstructionID, MachinesMachineID) VALUES (N'77', N'7');"
78;3;"INSERT INTO dbo.InstructionMachine (InstructionsInstructionID, MachinesMachineID) VALUES (N'78', N'3');";"INSERT INTO dbo.InstructionMachine (InstructionsInstructionID, MachinesMachineID) VALUES (N'78', N'3');"
78;4;"INSERT INTO dbo.InstructionMachine (InstructionsInstructionID, MachinesMachineID) VALUES (N'78', N'4');";"INSERT INTO dbo.InstructionMachine (InstructionsInstructionID, MachinesMachineID) VALUES (N'78', N'4');"
78;5;"INSERT INTO dbo.InstructionMachine (InstructionsInstructionID, MachinesMachineID) VALUES (N'78', N'5');";"INSERT INTO dbo.InstructionMachine (InstructionsInstructionID, MachinesMachineID) VALUES (N'78', N'5');"
78;7;"INSERT INTO dbo.InstructionMachine (InstructionsInstructionID, MachinesMachineID) VALUES (N'78', N'7');";"INSERT INTO dbo.InstructionMachine (InstructionsInstructionID, MachinesMachineID) VALUES (N'78', N'7');"
79;3;"INSERT INTO dbo.InstructionMachine (InstructionsInstructionID, MachinesMachineID) VALUES (N'79', N'3');";"INSERT INTO dbo.InstructionMachine (InstructionsInstructionID, MachinesMachineID) VALUES (N'79', N'3');"
79;4;"INSERT INTO dbo.InstructionMachine (InstructionsInstructionID, MachinesMachineID) VALUES (N'79', N'4');";"INSERT INTO dbo.InstructionMachine (InstructionsInstructionID, MachinesMachineID) VALUES (N'79', N'4');"
79;5;"INSERT INTO dbo.InstructionMachine (InstructionsInstructionID, MachinesMachineID) VALUES (N'79', N'5');";"INSERT INTO dbo.InstructionMachine (InstructionsInstructionID, MachinesMachineID) VALUES (N'79', N'5');"
79;7;"INSERT INTO dbo.InstructionMachine (InstructionsInstructionID, MachinesMachineID) VALUES (N'79', N'7');";"INSERT INTO dbo.InstructionMachine (InstructionsInstructionID, MachinesMachineID) VALUES (N'79', N'7');"
80;3;"INSERT INTO dbo.InstructionMachine (InstructionsInstructionID, MachinesMachineID) VALUES (N'80', N'3');";"INSERT INTO dbo.InstructionMachine (InstructionsInstructionID, MachinesMachineID) VALUES (N'80', N'3');"
80;4;"INSERT INTO dbo.InstructionMachine (InstructionsInstructionID, MachinesMachineID) VALUES (N'80', N'4');";"INSERT INTO dbo.InstructionMachine (InstructionsInstructionID, MachinesMachineID) VALUES (N'80', N'4');"
80;5;"INSERT INTO dbo.InstructionMachine (InstructionsInstructionID, MachinesMachineID) VALUES (N'80', N'5');";"INSERT INTO dbo.InstructionMachine (InstructionsInstructionID, MachinesMachineID) VALUES (N'80', N'5');"
80;7;"INSERT INTO dbo.InstructionMachine (InstructionsInstructionID, MachinesMachineID) VALUES (N'80', N'7');";"INSERT INTO dbo.InstructionMachine (InstructionsInstructionID, MachinesMachineID) VALUES (N'80', N'7');"
81;3;"INSERT INTO dbo.InstructionMachine (InstructionsInstructionID, MachinesMachineID) VALUES (N'81', N'3');";"INSERT INTO dbo.InstructionMachine (InstructionsInstructionID, MachinesMachineID) VALUES (N'81', N'3');"
81;4;"INSERT INTO dbo.InstructionMachine (InstructionsInstructionID, MachinesMachineID) VALUES (N'81', N'4');";"INSERT INTO dbo.InstructionMachine (InstructionsInstructionID, MachinesMachineID) VALUES (N'81', N'4');"
81;5;"INSERT INTO dbo.InstructionMachine (InstructionsInstructionID, MachinesMachineID) VALUES (N'81', N'5');";"INSERT INTO dbo.InstructionMachine (InstructionsInstructionID, MachinesMachineID) VALUES (N'81', N'5');"
81;7;"INSERT INTO dbo.InstructionMachine (InstructionsInstructionID, MachinesMachineID) VALUES (N'81', N'7');";"INSERT INTO dbo.InstructionMachine (InstructionsInstructionID, MachinesMachineID) VALUES (N'81', N'7');"
81;6;"INSERT INTO dbo.InstructionMachine (InstructionsInstructionID, MachinesMachineID) VALUES (N'81', N'6');";"INSERT INTO dbo.InstructionMachine (InstructionsInstructionID, MachinesMachineID) VALUES (N'81', N'6');"
82;3;"INSERT INTO dbo.InstructionMachine (InstructionsInstructionID, MachinesMachineID) VALUES (N'82', N'3');";"INSERT INTO dbo.InstructionMachine (InstructionsInstructionID, MachinesMachineID) VALUES (N'82', N'3');"
82;4;"INSERT INTO dbo.InstructionMachine (InstructionsInstructionID, MachinesMachineID) VALUES (N'82', N'4');";"INSERT INTO dbo.InstructionMachine (InstructionsInstructionID, MachinesMachineID) VALUES (N'82', N'4');"
82;5;"INSERT INTO dbo.InstructionMachine (InstructionsInstructionID, MachinesMachineID) VALUES (N'82', N'5');";"INSERT INTO dbo.InstructionMachine (InstructionsInstructionID, MachinesMachineID) VALUES (N'82', N'5');"
82;7;"INSERT INTO dbo.InstructionMachine (InstructionsInstructionID, MachinesMachineID) VALUES (N'82', N'7');";"INSERT INTO dbo.InstructionMachine (InstructionsInstructionID, MachinesMachineID) VALUES (N'82', N'7');"
83;3;"INSERT INTO dbo.InstructionMachine (InstructionsInstructionID, MachinesMachineID) VALUES (N'83', N'3');";"INSERT INTO dbo.InstructionMachine (InstructionsInstructionID, MachinesMachineID) VALUES (N'83', N'3');"
83;4;"INSERT INTO dbo.InstructionMachine (InstructionsInstructionID, MachinesMachineID) VALUES (N'83', N'4');";"INSERT INTO dbo.InstructionMachine (InstructionsInstructionID, MachinesMachineID) VALUES (N'83', N'4');"
83;5;"INSERT INTO dbo.InstructionMachine (InstructionsInstructionID, MachinesMachineID) VALUES (N'83', N'5');";"INSERT INTO dbo.InstructionMachine (InstructionsInstructionID, MachinesMachineID) VALUES (N'83', N'5');"
83;7;"INSERT INTO dbo.InstructionMachine (InstructionsInstructionID, MachinesMachineID) VALUES (N'83', N'7');";"INSERT INTO dbo.InstructionMachine (InstructionsInstructionID, MachinesMachineID) VALUES (N'83', N'7');"
84;3;"INSERT INTO dbo.InstructionMachine (InstructionsInstructionID, MachinesMachineID) VALUES (N'84', N'3');";"INSERT INTO dbo.InstructionMachine (InstructionsInstructionID, MachinesMachineID) VALUES (N'84', N'3');"
84;4;"INSERT INTO dbo.InstructionMachine (InstructionsInstructionID, MachinesMachineID) VALUES (N'84', N'4');";"INSERT INTO dbo.InstructionMachine (InstructionsInstructionID, MachinesMachineID) VALUES (N'84', N'4');"
84;5;"INSERT INTO dbo.InstructionMachine (InstructionsInstructionID, MachinesMachineID) VALUES (N'84', N'5');";"INSERT INTO dbo.InstructionMachine (InstructionsInstructionID, MachinesMachineID) VALUES (N'84', N'5');"
84;7;"INSERT INTO dbo.InstructionMachine (InstructionsInstructionID, MachinesMachineID) VALUES (N'84', N'7');";"INSERT INTO dbo.InstructionMachine (InstructionsInstructionID, MachinesMachineID) VALUES (N'84', N'7');"
85;5;"INSERT INTO dbo.InstructionMachine (InstructionsInstructionID, MachinesMachineID) VALUES (N'85', N'5');";"INSERT INTO dbo.InstructionMachine (InstructionsInstructionID, MachinesMachineID) VALUES (N'85', N'5');"
85;6;"INSERT INTO dbo.InstructionMachine (InstructionsInstructionID, MachinesMachineID) VALUES (N'85', N'6');";"INSERT INTO dbo.InstructionMachine (InstructionsInstructionID, MachinesMachineID) VALUES (N'85', N'6');"
85;7;"INSERT INTO dbo.InstructionMachine (InstructionsInstructionID, MachinesMachineID) VALUES (N'85', N'7');";"INSERT INTO dbo.InstructionMachine (InstructionsInstructionID, MachinesMachineID) VALUES (N'85', N'7');"
85;3;"INSERT INTO dbo.InstructionMachine (InstructionsInstructionID, MachinesMachineID) VALUES (N'85', N'3');";"INSERT INTO dbo.InstructionMachine (InstructionsInstructionID, MachinesMachineID) VALUES (N'85', N'3');"
85;4;"INSERT INTO dbo.InstructionMachine (InstructionsInstructionID, MachinesMachineID) VALUES (N'85', N'4');";"INSERT INTO dbo.InstructionMachine (InstructionsInstructionID, MachinesMachineID) VALUES (N'85', N'4');"
86;5;"INSERT INTO dbo.InstructionMachine (InstructionsInstructionID, MachinesMachineID) VALUES (N'86', N'5');";"INSERT INTO dbo.InstructionMachine (InstructionsInstructionID, MachinesMachineID) VALUES (N'86', N'5');"
86;6;"INSERT INTO dbo.InstructionMachine (InstructionsInstructionID, MachinesMachineID) VALUES (N'86', N'6');";"INSERT INTO dbo.InstructionMachine (InstructionsInstructionID, MachinesMachineID) VALUES (N'86', N'6');"
86;7;"INSERT INTO dbo.InstructionMachine (InstructionsInstructionID, MachinesMachineID) VALUES (N'86', N'7');";"INSERT INTO dbo.InstructionMachine (InstructionsInstructionID, MachinesMachineID) VALUES (N'86', N'7');"
86;3;"INSERT INTO dbo.InstructionMachine (InstructionsInstructionID, MachinesMachineID) VALUES (N'86', N'3');";"INSERT INTO dbo.InstructionMachine (InstructionsInstructionID, MachinesMachineID) VALUES (N'86', N'3');"
86;4;"INSERT INTO dbo.InstructionMachine (InstructionsInstructionID, MachinesMachineID) VALUES (N'86', N'4');";"INSERT INTO dbo.InstructionMachine (InstructionsInstructionID, MachinesMachineID) VALUES (N'86', N'4');"
87;5;"INSERT INTO dbo.InstructionMachine (InstructionsInstructionID, MachinesMachineID) VALUES (N'87', N'5');";"INSERT INTO dbo.InstructionMachine (InstructionsInstructionID, MachinesMachineID) VALUES (N'87', N'5');"
87;6;"INSERT INTO dbo.InstructionMachine (InstructionsInstructionID, MachinesMachineID) VALUES (N'87', N'6');";"INSERT INTO dbo.InstructionMachine (InstructionsInstructionID, MachinesMachineID) VALUES (N'87', N'6');"
87;7;"INSERT INTO dbo.InstructionMachine (InstructionsInstructionID, MachinesMachineID) VALUES (N'87', N'7');";"INSERT INTO dbo.InstructionMachine (InstructionsInstructionID, MachinesMachineID) VALUES (N'87', N'7');"
87;3;"INSERT INTO dbo.InstructionMachine (InstructionsInstructionID, MachinesMachineID) VALUES (N'87', N'3');";"INSERT INTO dbo.InstructionMachine (InstructionsInstructionID, MachinesMachineID) VALUES (N'87', N'3');"
87;4;"INSERT INTO dbo.InstructionMachine (InstructionsInstructionID, MachinesMachineID) VALUES (N'87', N'4');";"INSERT INTO dbo.InstructionMachine (InstructionsInstructionID, MachinesMachineID) VALUES (N'87', N'4');"
88;5;"INSERT INTO dbo.InstructionMachine (InstructionsInstructionID, MachinesMachineID) VALUES (N'88', N'5');";"INSERT INTO dbo.InstructionMachine (InstructionsInstructionID, MachinesMachineID) VALUES (N'88', N'5');"
88;6;"INSERT INTO dbo.InstructionMachine (InstructionsInstructionID, MachinesMachineID) VALUES (N'88', N'6');";"INSERT INTO dbo.InstructionMachine (InstructionsInstructionID, MachinesMachineID) VALUES (N'88', N'6');"
88;7;"INSERT INTO dbo.InstructionMachine (InstructionsInstructionID, MachinesMachineID) VALUES (N'88', N'7');";"INSERT INTO dbo.InstructionMachine (InstructionsInstructionID, MachinesMachineID) VALUES (N'88', N'7');"
88;3;"INSERT INTO dbo.InstructionMachine (InstructionsInstructionID, MachinesMachineID) VALUES (N'88', N'3');";"INSERT INTO dbo.InstructionMachine (InstructionsInstructionID, MachinesMachineID) VALUES (N'88', N'3');"
88;4;"INSERT INTO dbo.InstructionMachine (InstructionsInstructionID, MachinesMachineID) VALUES (N'88', N'4');";"INSERT INTO dbo.InstructionMachine (InstructionsInstructionID, MachinesMachineID) VALUES (N'88', N'4');"
89;5;"INSERT INTO dbo.InstructionMachine (InstructionsInstructionID, MachinesMachineID) VALUES (N'89', N'5');";"INSERT INTO dbo.InstructionMachine (InstructionsInstructionID, MachinesMachineID) VALUES (N'89', N'5');"
89;6;"INSERT INTO dbo.InstructionMachine (InstructionsInstructionID, MachinesMachineID) VALUES (N'89', N'6');";"INSERT INTO dbo.InstructionMachine (InstructionsInstructionID, MachinesMachineID) VALUES (N'89', N'6');"
89;7;"INSERT INTO dbo.InstructionMachine (InstructionsInstructionID, MachinesMachineID) VALUES (N'89', N'7');";"INSERT INTO dbo.InstructionMachine (InstructionsInstructionID, MachinesMachineID) VALUES (N'89', N'7');"
89;3;"INSERT INTO dbo.InstructionMachine (InstructionsInstructionID, MachinesMachineID) VALUES (N'89', N'3');";"INSERT INTO dbo.InstructionMachine (InstructionsInstructionID, MachinesMachineID) VALUES (N'89', N'3');"
89;4;"INSERT INTO dbo.InstructionMachine (InstructionsInstructionID, MachinesMachineID) VALUES (N'89', N'4');";"INSERT INTO dbo.InstructionMachine (InstructionsInstructionID, MachinesMachineID) VALUES (N'89', N'4');"
90;5;"INSERT INTO dbo.InstructionMachine (InstructionsInstructionID, MachinesMachineID) VALUES (N'90', N'5');";"INSERT INTO dbo.InstructionMachine (InstructionsInstructionID, MachinesMachineID) VALUES (N'90', N'5');"
90;6;"INSERT INTO dbo.InstructionMachine (InstructionsInstructionID, MachinesMachineID) VALUES (N'90', N'6');";"INSERT INTO dbo.InstructionMachine (InstructionsInstructionID, MachinesMachineID) VALUES (N'90', N'6');"
90;7;"INSERT INTO dbo.InstructionMachine (InstructionsInstructionID, MachinesMachineID) VALUES (N'90', N'7');";"INSERT INTO dbo.InstructionMachine (InstructionsInstructionID, MachinesMachineID) VALUES (N'90', N'7');"
90;3;"INSERT INTO dbo.InstructionMachine (InstructionsInstructionID, MachinesMachineID) VALUES (N'90', N'3');";"INSERT INTO dbo.InstructionMachine (InstructionsInstructionID, MachinesMachineID) VALUES (N'90', N'3');"
90;4;"INSERT INTO dbo.InstructionMachine (InstructionsInstructionID, MachinesMachineID) VALUES (N'90', N'4');";"INSERT INTO dbo.InstructionMachine (InstructionsInstructionID, MachinesMachineID) VALUES (N'90', N'4');"
91;5;"INSERT INTO dbo.InstructionMachine (InstructionsInstructionID, MachinesMachineID) VALUES (N'91', N'5');";"INSERT INTO dbo.InstructionMachine (InstructionsInstructionID, MachinesMachineID) VALUES (N'91', N'5');"
91;6;"INSERT INTO dbo.InstructionMachine (InstructionsInstructionID, MachinesMachineID) VALUES (N'91', N'6');";"INSERT INTO dbo.InstructionMachine (InstructionsInstructionID, MachinesMachineID) VALUES (N'91', N'6');"
91;7;"INSERT INTO dbo.InstructionMachine (InstructionsInstructionID, MachinesMachineID) VALUES (N'91', N'7');";"INSERT INTO dbo.InstructionMachine (InstructionsInstructionID, MachinesMachineID) VALUES (N'91', N'7');"
91;3;"INSERT INTO dbo.InstructionMachine (InstructionsInstructionID, MachinesMachineID) VALUES (N'91', N'3');";"INSERT INTO dbo.InstructionMachine (InstructionsInstructionID, MachinesMachineID) VALUES (N'91', N'3');"
91;4;"INSERT INTO dbo.InstructionMachine (InstructionsInstructionID, MachinesMachineID) VALUES (N'91', N'4');";"INSERT INTO dbo.InstructionMachine (InstructionsInstructionID, MachinesMachineID) VALUES (N'91', N'4');"
92;5;"INSERT INTO dbo.InstructionMachine (InstructionsInstructionID, MachinesMachineID) VALUES (N'92', N'5');";"INSERT INTO dbo.InstructionMachine (InstructionsInstructionID, MachinesMachineID) VALUES (N'92', N'5');"
92;6;"INSERT INTO dbo.InstructionMachine (InstructionsInstructionID, MachinesMachineID) VALUES (N'92', N'6');";"INSERT INTO dbo.InstructionMachine (InstructionsInstructionID, MachinesMachineID) VALUES (N'92', N'6');"
92;7;"INSERT INTO dbo.InstructionMachine (InstructionsInstructionID, MachinesMachineID) VALUES (N'92', N'7');";"INSERT INTO dbo.InstructionMachine (InstructionsInstructionID, MachinesMachineID) VALUES (N'92', N'7');"
92;3;"INSERT INTO dbo.InstructionMachine (InstructionsInstructionID, MachinesMachineID) VALUES (N'92', N'3');";"INSERT INTO dbo.InstructionMachine (InstructionsInstructionID, MachinesMachineID) VALUES (N'92', N'3');"
92;4;"INSERT INTO dbo.InstructionMachine (InstructionsInstructionID, MachinesMachineID) VALUES (N'92', N'4');";"INSERT INTO dbo.InstructionMachine (InstructionsInstructionID, MachinesMachineID) VALUES (N'92', N'4');"
93;5;"INSERT INTO dbo.InstructionMachine (InstructionsInstructionID, MachinesMachineID) VALUES (N'93', N'5');";"INSERT INTO dbo.InstructionMachine (InstructionsInstructionID, MachinesMachineID) VALUES (N'93', N'5');"
93;6;"INSERT INTO dbo.InstructionMachine (InstructionsInstructionID, MachinesMachineID) VALUES (N'93', N'6');";"INSERT INTO dbo.InstructionMachine (InstructionsInstructionID, MachinesMachineID) VALUES (N'93', N'6');"
93;7;"INSERT INTO dbo.InstructionMachine (InstructionsInstructionID, MachinesMachineID) VALUES (N'93', N'7');";"INSERT INTO dbo.InstructionMachine (InstructionsInstructionID, MachinesMachineID) VALUES (N'93', N'7');"
93;3;"INSERT INTO dbo.InstructionMachine (InstructionsInstructionID, MachinesMachineID) VALUES (N'93', N'3');";"INSERT INTO dbo.InstructionMachine (InstructionsInstructionID, MachinesMachineID) VALUES (N'93', N'3');"
93;4;"INSERT INTO dbo.InstructionMachine (InstructionsInstructionID, MachinesMachineID) VALUES (N'93', N'4');";"INSERT INTO dbo.InstructionMachine (InstructionsInstructionID, MachinesMachineID) VALUES (N'93', N'4');"
94;5;"INSERT INTO dbo.InstructionMachine (InstructionsInstructionID, MachinesMachineID) VALUES (N'94', N'5');";"INSERT INTO dbo.InstructionMachine (InstructionsInstructionID, MachinesMachineID) VALUES (N'94', N'5');"
94;6;"INSERT INTO dbo.InstructionMachine (InstructionsInstructionID, MachinesMachineID) VALUES (N'94', N'6');";"INSERT INTO dbo.InstructionMachine (InstructionsInstructionID, MachinesMachineID) VALUES (N'94', N'6');"
94;7;"INSERT INTO dbo.InstructionMachine (InstructionsInstructionID, MachinesMachineID) VALUES (N'94', N'7');";"INSERT INTO dbo.InstructionMachine (InstructionsInstructionID, MachinesMachineID) VALUES (N'94', N'7');"
94;3;"INSERT INTO dbo.InstructionMachine (InstructionsInstructionID, MachinesMachineID) VALUES (N'94', N'3');";"INSERT INTO dbo.InstructionMachine (InstructionsInstructionID, MachinesMachineID) VALUES (N'94', N'3');"
94;4;"INSERT INTO dbo.InstructionMachine (InstructionsInstructionID, MachinesMachineID) VALUES (N'94', N'4');";"INSERT INTO dbo.InstructionMachine (InstructionsInstructionID, MachinesMachineID) VALUES (N'94', N'4');"
95;5;"INSERT INTO dbo.InstructionMachine (InstructionsInstructionID, MachinesMachineID) VALUES (N'95', N'5');";"INSERT INTO dbo.InstructionMachine (InstructionsInstructionID, MachinesMachineID) VALUES (N'95', N'5');"
95;6;"INSERT INTO dbo.InstructionMachine (InstructionsInstructionID, MachinesMachineID) VALUES (N'95', N'6');";"INSERT INTO dbo.InstructionMachine (InstructionsInstructionID, MachinesMachineID) VALUES (N'95', N'6');"
95;7;"INSERT INTO dbo.InstructionMachine (InstructionsInstructionID, MachinesMachineID) VALUES (N'95', N'7');";"INSERT INTO dbo.InstructionMachine (InstructionsInstructionID, MachinesMachineID) VALUES (N'95', N'7');"
95;3;"INSERT INTO dbo.InstructionMachine (InstructionsInstructionID, MachinesMachineID) VALUES (N'95', N'3');";"INSERT INTO dbo.InstructionMachine (InstructionsInstructionID, MachinesMachineID) VALUES (N'95', N'3');"
95;4;"INSERT INTO dbo.InstructionMachine (InstructionsInstructionID, MachinesMachineID) VALUES (N'95', N'4');";"INSERT INTO dbo.InstructionMachine (InstructionsInstructionID, MachinesMachineID) VALUES (N'95', N'4');"
96;8;"INSERT INTO dbo.InstructionMachine (InstructionsInstructionID, MachinesMachineID) VALUES (N'96', N'8');";"INSERT INTO dbo.InstructionMachine (InstructionsInstructionID, MachinesMachineID) VALUES (N'96', N'8');"
96;10;"INSERT INTO dbo.InstructionMachine (InstructionsInstructionID, MachinesMachineID) VALUES (N'96', N'10');";"INSERT INTO dbo.InstructionMachine (InstructionsInstructionID, MachinesMachineID) VALUES (N'96', N'10');"
97;8;"INSERT INTO dbo.InstructionMachine (InstructionsInstructionID, MachinesMachineID) VALUES (N'97', N'8');";"INSERT INTO dbo.InstructionMachine (InstructionsInstructionID, MachinesMachineID) VALUES (N'97', N'8');"
98;2;"INSERT INTO dbo.InstructionMachine (InstructionsInstructionID, MachinesMachineID) VALUES (N'98', N'2');";"INSERT INTO dbo.InstructionMachine (InstructionsInstructionID, MachinesMachineID) VALUES (N'98', N'2');"
99;2;"INSERT INTO dbo.InstructionMachine (InstructionsInstructionID, MachinesMachineID) VALUES (N'99', N'2');";"INSERT INTO dbo.InstructionMachine (InstructionsInstructionID, MachinesMachineID) VALUES (N'99', N'2');"
100;16;"INSERT INTO dbo.InstructionMachine (InstructionsInstructionID, MachinesMachineID) VALUES (N'100', N'16');";"INSERT INTO dbo.InstructionMachine (InstructionsInstructionID, MachinesMachineID) VALUES (N'100', N'16');"
101;14;"INSERT INTO dbo.InstructionMachine (InstructionsInstructionID, MachinesMachineID) VALUES (N'101', N'14');";"INSERT INTO dbo.InstructionMachine (InstructionsInstructionID, MachinesMachineID) VALUES (N'101', N'14');"
102;11;"INSERT INTO dbo.InstructionMachine (InstructionsInstructionID, MachinesMachineID) VALUES (N'102', N'11');";"INSERT INTO dbo.InstructionMachine (InstructionsInstructionID, MachinesMachineID) VALUES (N'102', N'11');"
103;3;"INSERT INTO dbo.InstructionMachine (InstructionsInstructionID, MachinesMachineID) VALUES (N'103', N'3');";"INSERT INTO dbo.InstructionMachine (InstructionsInstructionID, MachinesMachineID) VALUES (N'103', N'3');"
104;4;"INSERT INTO dbo.InstructionMachine (InstructionsInstructionID, MachinesMachineID) VALUES (N'104', N'4');";"INSERT INTO dbo.InstructionMachine (InstructionsInstructionID, MachinesMachineID) VALUES (N'104', N'4');"
104;5;"INSERT INTO dbo.InstructionMachine (InstructionsInstructionID, MachinesMachineID) VALUES (N'104', N'5');";"INSERT INTO dbo.InstructionMachine (InstructionsInstructionID, MachinesMachineID) VALUES (N'104', N'5');"
104;7;"INSERT INTO dbo.InstructionMachine (InstructionsInstructionID, MachinesMachineID) VALUES (N'104', N'7');";"INSERT INTO dbo.InstructionMachine (InstructionsInstructionID, MachinesMachineID) VALUES (N'104', N'7');"
104;6;"INSERT INTO dbo.InstructionMachine (InstructionsInstructionID, MachinesMachineID) VALUES (N'104', N'6');";"INSERT INTO dbo.InstructionMachine (InstructionsInstructionID, MachinesMachineID) VALUES (N'104', N'6');"
104;9;"INSERT INTO dbo.InstructionMachine (InstructionsInstructionID, MachinesMachineID) VALUES (N'104', N'9');";"INSERT INTO dbo.InstructionMachine (InstructionsInstructionID, MachinesMachineID) VALUES (N'104', N'9');"
104;3;"INSERT INTO dbo.InstructionMachine (InstructionsInstructionID, MachinesMachineID) VALUES (N'104', N'3');";"INSERT INTO dbo.InstructionMachine (InstructionsInstructionID, MachinesMachineID) VALUES (N'104', N'3');"
105;14;"INSERT INTO dbo.InstructionMachine (InstructionsInstructionID, MachinesMachineID) VALUES (N'105', N'14');";"INSERT INTO dbo.InstructionMachine (InstructionsInstructionID, MachinesMachineID) VALUES (N'105', N'14');"
105;12;"INSERT INTO dbo.InstructionMachine (InstructionsInstructionID, MachinesMachineID) VALUES (N'105', N'12');";"INSERT INTO dbo.InstructionMachine (InstructionsInstructionID, MachinesMachineID) VALUES (N'105', N'12');"
105;13;"INSERT INTO dbo.InstructionMachine (InstructionsInstructionID, MachinesMachineID) VALUES (N'105', N'13');";"INSERT INTO dbo.InstructionMachine (InstructionsInstructionID, MachinesMachineID) VALUES (N'105', N'13');"
105;11;"INSERT INTO dbo.InstructionMachine (InstructionsInstructionID, MachinesMachineID) VALUES (N'105', N'11');";"INSERT INTO dbo.InstructionMachine (InstructionsInstructionID, MachinesMachineID) VALUES (N'105', N'11');"
106;12;"INSERT INTO dbo.InstructionMachine (InstructionsInstructionID, MachinesMachineID) VALUES (N'106', N'12');";"INSERT INTO dbo.InstructionMachine (InstructionsInstructionID, MachinesMachineID) VALUES (N'106', N'12');"
106;13;"INSERT INTO dbo.InstructionMachine (InstructionsInstructionID, MachinesMachineID) VALUES (N'106', N'13');";"INSERT INTO dbo.InstructionMachine (InstructionsInstructionID, MachinesMachineID) VALUES (N'106', N'13');"
106;11;"INSERT INTO dbo.InstructionMachine (InstructionsInstructionID, MachinesMachineID) VALUES (N'106', N'11');";"INSERT INTO dbo.InstructionMachine (InstructionsInstructionID, MachinesMachineID) VALUES (N'106', N'11');"
107;12;"INSERT INTO dbo.InstructionMachine (InstructionsInstructionID, MachinesMachineID) VALUES (N'107', N'12');";"INSERT INTO dbo.InstructionMachine (InstructionsInstructionID, MachinesMachineID) VALUES (N'107', N'12');"
107;13;"INSERT INTO dbo.InstructionMachine (InstructionsInstructionID, MachinesMachineID) VALUES (N'107', N'13');";"INSERT INTO dbo.InstructionMachine (InstructionsInstructionID, MachinesMachineID) VALUES (N'107', N'13');"
107;14;"INSERT INTO dbo.InstructionMachine (InstructionsInstructionID, MachinesMachineID) VALUES (N'107', N'14');";"INSERT INTO dbo.InstructionMachine (InstructionsInstructionID, MachinesMachineID) VALUES (N'107', N'14');"
108;14;"INSERT INTO dbo.InstructionMachine (InstructionsInstructionID, MachinesMachineID) VALUES (N'108', N'14');";"INSERT INTO dbo.InstructionMachine (InstructionsInstructionID, MachinesMachineID) VALUES (N'108', N'14');"
109;11;"INSERT INTO dbo.InstructionMachine (InstructionsInstructionID, MachinesMachineID) VALUES (N'109', N'11');";"INSERT INTO dbo.InstructionMachine (InstructionsInstructionID, MachinesMachineID) VALUES (N'109', N'11');"
109;14;"INSERT INTO dbo.InstructionMachine (InstructionsInstructionID, MachinesMachineID) VALUES (N'109', N'14');";"INSERT INTO dbo.InstructionMachine (InstructionsInstructionID, MachinesMachineID) VALUES (N'109', N'14');"
109;12;"INSERT INTO dbo.InstructionMachine (InstructionsInstructionID, MachinesMachineID) VALUES (N'109', N'12');";"INSERT INTO dbo.InstructionMachine (InstructionsInstructionID, MachinesMachineID) VALUES (N'109', N'12');"
110;8;"INSERT INTO dbo.InstructionMachine (InstructionsInstructionID, MachinesMachineID) VALUES (N'110', N'8');";"INSERT INTO dbo.InstructionMachine (InstructionsInstructionID, MachinesMachineID) VALUES (N'110', N'8');"
110;1;"INSERT INTO dbo.InstructionMachine (InstructionsInstructionID, MachinesMachineID) VALUES (N'110', N'1');";"INSERT INTO dbo.InstructionMachine (InstructionsInstructionID, MachinesMachineID) VALUES (N'110', N'1');"
111;15;"INSERT INTO dbo.InstructionMachine (InstructionsInstructionID, MachinesMachineID) VALUES (N'111', N'15');";"INSERT INTO dbo.InstructionMachine (InstructionsInstructionID, MachinesMachineID) VALUES (N'111', N'15');"
112;8;"INSERT INTO dbo.InstructionMachine (InstructionsInstructionID, MachinesMachineID) VALUES (N'112', N'8');";"INSERT INTO dbo.InstructionMachine (InstructionsInstructionID, MachinesMachineID) VALUES (N'112', N'8');"
112;15;"INSERT INTO dbo.InstructionMachine (InstructionsInstructionID, MachinesMachineID) VALUES (N'112', N'15');";"INSERT INTO dbo.InstructionMachine (InstructionsInstructionID, MachinesMachineID) VALUES (N'112', N'15');"
113;8;"INSERT INTO dbo.InstructionMachine (InstructionsInstructionID, MachinesMachineID) VALUES (N'113', N'8');";"INSERT INTO dbo.InstructionMachine (InstructionsInstructionID, MachinesMachineID) VALUES (N'113', N'8');"
114;8;"INSERT INTO dbo.InstructionMachine (InstructionsInstructionID, MachinesMachineID) VALUES (N'114', N'8');";"INSERT INTO dbo.InstructionMachine (InstructionsInstructionID, MachinesMachineID) VALUES (N'114', N'8');"
114;2;"INSERT INTO dbo.InstructionMachine (InstructionsInstructionID, MachinesMachineID) VALUES (N'114', N'2');";"INSERT INTO dbo.InstructionMachine (InstructionsInstructionID, MachinesMachineID) VALUES (N'114', N'2');"
114;10;"INSERT INTO dbo.InstructionMachine (InstructionsInstructionID, MachinesMachineID) VALUES (N'114', N'10');";"INSERT INTO dbo.InstructionMachine (InstructionsInstructionID, MachinesMachineID) VALUES (N'114', N'10');"
115;8;"INSERT INTO dbo.InstructionMachine (InstructionsInstructionID, MachinesMachineID) VALUES (N'115', N'8');";"INSERT INTO dbo.InstructionMachine (InstructionsInstructionID, MachinesMachineID) VALUES (N'115', N'8');"
116;8;"INSERT INTO dbo.InstructionMachine (InstructionsInstructionID, MachinesMachineID) VALUES (N'116', N'8');";"INSERT INTO dbo.InstructionMachine (InstructionsInstructionID, MachinesMachineID) VALUES (N'116', N'8');"
116;2;"INSERT INTO dbo.InstructionMachine (InstructionsInstructionID, MachinesMachineID) VALUES (N'116', N'2');";"INSERT INTO dbo.InstructionMachine (InstructionsInstructionID, MachinesMachineID) VALUES (N'116', N'2');"
116;10;"INSERT INTO dbo.InstructionMachine (InstructionsInstructionID, MachinesMachineID) VALUES (N'116', N'10');";"INSERT INTO dbo.InstructionMachine (InstructionsInstructionID, MachinesMachineID) VALUES (N'116', N'10');"
